Ticker,Name,Market,Panel,Sector,Sub-Sector,Comment,Name(EN),Company Code(12),Ticker(4),Ticker(5),Ticker(12),Sector Code,Sub-Sector Code,Panel Code
آباد,توریستی ورفاهی آبادگران ایران,بورس,بازار دوم بورس,هتل و رستوران,هتل ها ، اردو و دیگر تدارکات اقامت کوتاه,-,Abadgaran,IRO1ABAD0002,ABAD,ABAD1,IRO1ABAD0001,55,5510,1
آبادا,تولید نیروی برق آبادان,بورس,بازار دوم بورس,عرضه برق، گاز، بخاروآب گرم,تولید انتقال و توزیع نیروی برق,-,Abadan PG,IRO1NBAB0009,NBAB,NBAB1,IRO1NBAB0001,40,4010,3
آپ,آسان پرداخت پرشین,بورس,بازار اول (تابلوی فرعی) بورس,رایانه و فعالیت های وابسته به آن,مشاوره و تهیه نرم افزار,-,Asan Pardakht Pers,IRO1APPE0008,APPE,APPE1,IRO1APPE0001,72,7220,3
آسیا,بیمه آسیا,بورس,بازار دوم بورس,بیمه وصندوق بازنشستگی به جزتامین اجتماعی,بیمه غیرزندگی,-,Asia Bime,IRO1ASIA0008,ASIA,ASIA1,IRO1ASIA0001,66,6603,1
آلومینا,آلومینای ایران,بورس,بازار دوم بورس,فلزات اساسی,تولید فلزات گرانبهای غیرآهن,-,Alomina Iran,IRO1ALMN0004,ALMN,ALMN1,IRO1ALMN0001,27,2720,1
اپال,فرآوری معدنی اپال کانی پارس,بورس,بازار دوم بورس,استخراج کانه های فلزی,استخراج آهن,-,Opal Kani Pars,IRO1OPAL0000,OPAL,OPAL1,IRO1OPAL0001,13,1310,1
اتکام,بیمه اتکایی امین,بورس,بازار دوم بورس,بیمه وصندوق بازنشستگی به جزتامین اجتماعی,بیمه غیرزندگی,-,Amin Company,IRO1ETKA0009,ETKA,ETKA1,IRO1ETKA0001,66,6603,1
اخابر,مخابرات ایران,بورس,بازار دوم بورس,مخابرات,مخابرات,-,Iran Tele. Co.,IRO1MKBT0008,MKBT,MKBT1,IRO1MKBT0001,64,6420,1
اردستان,سیمان اردستان,بورس,بازار اول (تابلوی اصلی) بورس,سیمان، آهک و گچ,تولید سیمان، آهک و گچ,-,Ardestan Cement,IRO1ARDS0004,ARDS,ARDS1,IRO1ARDS0001,53,5394,1
اروند,پتروشیمی اروند,بورس,بازار دوم بورس,محصولات شیمیایی,تولید پلاستیک اولیه و لاستیک ترکیبی,-,Arvand Petro.,IRO1RVND0004,RVND,RVND1,IRO1RVND0001,44,4413,1
اسیاتک,انتقال داده های آسیاتک,بورس,بازار اول (تابلوی اصلی) بورس,اطلاعات و ارتباطات,خدمات ارزش افزوده,-,Asiatech,IRO1ASTC0003,ASTC,ASTC1,IRO1ASTC0001,73,7310,1
افق,فروشگاههای زنجیره ای افق کوروش,بورس,بازار دوم بورس,خرده فروشی،باستثنای وسایل نقلیه موتوری,خرده فروشی انواع موادغذایی،نوشیدنی وغیره,-,Ofogh Koorosh,IRO1OFOG0003,OFOG,OFOG1,IRO1OFOG0001,47,4711,1
البرز,بیمه البرز,بورس,بازار اول (تابلوی اصلی) بورس,بیمه وصندوق بازنشستگی به جزتامین اجتماعی,بیمه غیرزندگی,-,S*Alborz Bimeh,IRO1BALB0001,BALB,BALB1,IRO1BALB0001,66,6603,1
امید,تامین سرمایه امید,بورس,بازار دوم بورس,فعالیتهای کمکی به نهادهای مالی واسط,بجز تامین وجوه بیمه و بازنشستگی,-,Investment Banking,IRO1OMID0005,OMID,OMID1,IRO1OMID0001,67,6719,3
امین,تامین سرمایه امین,بورس,بازار دوم بورس,فعالیتهای کمکی به نهادهای مالی واسط,بجز تامین وجوه بیمه و بازنشستگی,-,Amin Investment,IRO1TSAN0000,TSAN,TSAN1,IRO1TSAN0001,67,6719,1
انرژی,بورس انرژی ایران,بورس,بازار اول (تابلوی اصلی) بورس,فعالیتهای کمکی به نهادهای مالی واسط,فعالیتهای مرتبط با اوراق بهادار,-,Other Energy B.,IRO1BENC0004,BENC,BENC1,IRO1BENC0001,67,6712,1
بالبر,کابل  البرز,بورس,بازار دوم بورس,ماشین آلات و دستگاه های برقی,تولید سیم و کابل عایق,-,Alborz Cable,IRO1KALZ0002,KALZ,KALZ1,IRO1KALZ0001,31,3130,3
بپویا,دانش محور پویا نیرو,بورس,بازار دوم بورس,ماشین آلات و دستگاه های برقی,تولید سیم و کابل عایق,-,Pooya Power,IRO1POYA0005,POYA,POYA1,IRO1POYA0001,31,3130,3
بترانس,ایران  ترانسفو,بورس,بازار اول (تابلوی اصلی) بورس,ماشین آلات و دستگاه های برقی,تولید موتورها، مولدها و مبدلهای الکتریکی,-,S*Iran Transfo,IRO1TRNS0001,TRNS,TRNS1,IRO1TRNS0001,31,3110,1
برکت,گروه دارویی برکت,بورس,بازار اول (تابلوی اصلی) بورس,مواد و محصولات دارویی,تولید سایر محصولات دارویی,-,G.Barekat Pharm,IRO1BRKT0003,BRKT,BRKT1,IRO1BRKT0001,43,4399,1
بسویچ,پارس سویچ,بورس,بازار اول (تابلوی فرعی) بورس,ماشین آلات و دستگاه های برقی,تولید تجهیزات توزیع و کنترل برق,-,Pars Switch,IRO1SWIC0000,SWIC,SWIC1,IRO1SWIC0001,31,3120,3
بشهاب,لامپ  پارس  شهاب,بورس,بازار دوم بورس,ماشین آلات و دستگاه های برقی,تولید لامپ برقی و تجهیزات روشنایی,-,Pars Shahab,IRO1LAPS0006,LAPS,LAPS1,IRO1LAPS0001,31,3150,1
بفجر,فجر انرژی خلیج فارس,بورس,بازار اول (تابلوی اصلی) بورس,عرضه برق، گاز، بخاروآب گرم,تولید،لنتقال و توزیع برق،گاز،بخاروآب گرم,-,Fajr E.Persia Gulf,IRO1BFJR0002,BFJR,BFJR1,IRO1BFJR0001,40,4011,1
بکاب,صنایع جوشکاب یزد,بورس,بازار دوم بورس,ماشین آلات و دستگاه های برقی,تولید سیم و کابل عایق,-,Yazd Jooshkab,IRO1JOSH0004,JOSH,JOSH1,IRO1JOSH0001,31,3130,3
بکام,کارخانجات تولیدی شهید قندی,بورس,بازار اول (تابلوی فرعی) بورس,ماشین آلات و دستگاه های برقی,تولید سیم و کابل عایق,-,Ghandi Cables.,IRO1KGND0000,KGND,KGND1,IRO1KGND0001,31,3130,3
بموتو,موتوژن,بورس,بازار اول (تابلوی فرعی) بورس,ماشین آلات و دستگاه های برقی,تولید موتورها، مولدها و مبدلهای الکتریکی,-,Motogen,IRO1MOTJ0006,MOTJ,MOTJ1,IRO1MOTJ0001,31,3110,3
بنیرو,نیروترانس,بورس,بازار اول (تابلوی فرعی) بورس,ماشین آلات و دستگاه های برقی,تولید موتورها، مولدها و مبدلهای الکتریکی,-,Nirou Trans,IRO1NIRO0008,NIRO,NIRO1,IRO1NIRO0001,31,3110,3
بورس,بورس اوراق بهادار تهران,بورس,بازار اول (تابلوی اصلی) بورس,فعالیتهای کمکی به نهادهای مالی واسط,اداره ی بازارهای مالی,-,S*TehranStockExch.,IRO1BORS0000,BORS,BORS1,IRO1BORS0001,67,6711,1
بوعلی,پتروشیمی بوعلی سینا,بورس,بازار اول (تابلوی اصلی) بورس,محصولات شیمیایی,تولید مواد شیمیایی پایه به جز کود,-,BoualiSina Petro.,IRO1BONA0004,BONA,BONA1,IRO1BONA0001,44,4411,1
پارس,پتروشیمی پارس,بورس,بازار دوم بورس,محصولات شیمیایی,تولید مواد شیمیایی پایه به جز کود,-,PARS Petrochemical,IRO1PARS0000,PARS,PARS1,IRO1PARS0001,44,4411,3
پارسان,گسترش نفت و گاز پارسیان,بورس,بازار اول (تابلوی فرعی) بورس,محصولات شیمیایی,تولید کود و ترکیبات نیتروژن,-,S*Parsian Oil&Gas,IRO1PASN0004,PASN,PASN1,IRO1PASN0001,44,4412,3
پارسیان,بیمه پارسیان,بورس,بازار اول (تابلوی فرعی) بورس,بیمه وصندوق بازنشستگی به جزتامین اجتماعی,بیمه غیرزندگی,-,Parsian,IRO1IPAR0002,IPAR,IPAR1,IRO1IPAR0001,66,6603,3
پاسا,ایران یاساتایرورابر,بورس,بازار دوم بورس,لاستیک و پلاستیک,تولید تایر و بازسازی تایرهای لاستیکی,-,Iran Yasa Tire,IRO1YASA0008,YASA,YASA1,IRO1YASA0001,25,2511,1
پاکشو,گروه صنعتی پاکشو,بورس,بازار دوم بورس,محصولات شیمیایی,تولید شوینده ها، عطر و محصولات آرایشی,-,Paksho,IRO1PASH0002,PASH,PASH1,IRO1PASH0001,44,4424,1
پتایر,ایران  تایر,بورس,بازار اول (تابلوی اصلی) بورس,لاستیک و پلاستیک,تولید تایر و بازسازی تایرهای لاستیکی,-,Iran Tire,IRO1TAIR0008,TAIR,TAIR1,IRO1TAIR0001,25,2511,1
پترول,گ.س.وت.ص.پتروشیمی خلیج فارس,بورس,بازار دوم بورس,محصولات شیمیایی,تولید مواد شیمیایی پایه به جز کود,-,S*Ir.Inv.Petr.,IRO1IPTR0001,IPTR,IPTR1,IRO1IPTR0001,44,4411,1
پدرخش,درخشان  تهران,بورس,بازار دوم بورس,لاستیک و پلاستیک,تولید محصولات پلاستیکی,-,Derakhshan Teh.,IRO1DRKH0005,DRKH,DRKH1,IRO1DRKH0001,25,2520,3
پرداخت,به پرداخت ملت,بورس,بازار دوم بورس,رایانه و فعالیت های وابسته به آن,مشاوره و تهیه نرم افزار,-,Behpardakht Mellat,IRO1PRKT0007,PRKT,PRKT1,IRO1PRKT0001,72,7220,3
پردیس,سرمایه گذاری پردیس,بورس,بازار اول (تابلوی اصلی) بورس,سرمایه گذاریها,سایر واسطه های مالی,-,Pardis Invsetment,IRO1AYEG0008,AYEG,AYEG1,IRO1AYEG0001,56,5699,1
پسهند,صنایع  لاستیکی  سهند,بورس,بازار اول (تابلوی فرعی) بورس,لاستیک و پلاستیک,تولید سایر محصولات لاستیکی,-,Sahand Rubber,IRO1SHND0001,SHND,SHND1,IRO1SHND0001,25,2519,3
پکرمان,گروه  صنعتی  بارز,بورس,بازار اول (تابلوی فرعی) بورس,لاستیک و پلاستیک,تولید تایر و بازسازی تایرهای لاستیکی,-,Kerman Tire,IRO1BARZ0007,BARZ,BARZ1,IRO1BARZ0001,25,2511,3
پکویر,کویر تایر,بورس,بازار اول (تابلوی اصلی) بورس,لاستیک و پلاستیک,تولید تایر و بازسازی تایرهای لاستیکی,-,Kavir Tire,IRO1KVRZ0001,KVRZ,KVRZ1,IRO1KVRZ0001,25,2511,1
پلاسک,پلاسکوکار,بورس,بازار دوم بورس,لاستیک و پلاستیک,تولید محصولات پلاستیکی,-,Plascokar Saipa,IRO1PLKK0002,PLKK,PLKK1,IRO1PLKK0001,25,2520,3
پی پاد,پرداخت الکترونیک پاسارگاد,بورس,بازار دوم بورس,رایانه و فعالیت های وابسته به آن,مشاوره و تهیه نرم افزار,-,Pasargad Payment,IRO1PYPD0001,PYPD,PYPD1,IRO1PYPD0001,72,7220,1
تاپیکو,س. نفت و گاز و پتروشیمی تأمین,بورس,بازار دوم بورس,محصولات شیمیایی,تولید مواد شیمیایی پایه به جز کود,-,Tamin Petro.,IRO1PTAP0001,PTAP,PTAP1,IRO1PTAP0001,44,4411,1
تادیکو,س. کشت ودام صنایع لبنی تامین,بورس,بازار اول (تابلوی اصلی) بورس,زراعت و خدمات وابسته,کشاورزی، دامپروری و خدمات وابسته,-,S.KeshtDamSanTA,IRO1TDKO0004,TDKO,TDKO1,IRO1TDKO0001,01,121,1
تاصیکو,سرمایه گذاری صدرتامین,بورس,بازار اول (تابلوی اصلی) بورس,استخراج کانه های فلزی,استخراج سایر کانه های فلزی,-,Sadr Tamin Inv.,IRO1SADR0004,SADR,SADR1,IRO1SADR0001,13,1399,1
تایرا,تراکتورسازی ایران,بورس,بازار اول (تابلوی اصلی) بورس,ماشین آلات و تجهیزات,تولید ماشین آلات کشاورزی و باغبانی,-,Iran Tractor,IRO1TRIR0009,TRIR,TRIR1,IRO1TRIR0001,29,2921,1
تپمپی,پمپ  سازی  ایران,بورس,بازار اول (تابلوی فرعی) بورس,ماشین آلات و تجهیزات,تولید پمپ، کمپرسور، مته و دریچه,-,Pumpiran,IRO1PIRN0007,PIRN,PIRN1,IRO1PIRN0001,29,2912,3
تکاردان,تامین سرمایه کاردان,بورس,بازار دوم بورس,فعالیتهای کمکی به نهادهای مالی واسط,بجز تامین وجوه بیمه و بازنشستگی,-,Kardan Investment,IRO1KRDN0007,KRDN,KRDN1,IRO1KRDN0001,67,6719,1
تکشا,گسترش صنایع وخدمات کشاورزی,بورس,بازار دوم بورس,ماشین آلات و تجهیزات,تولید ماشین آلات کشاورزی و باغبانی,-,A. I. S. D.,IRO1GSKE0004,GSKE,GSKE1,IRO1GSKE0001,29,2921,3
تکمبا,کمباین  سازی  ایران,بورس,بازار دوم بورس,ماشین آلات و تجهیزات,تولید ماشین آلات کشاورزی و باغبانی,-,Iran Combine,IRO1COMB0003,COMB,COMB1,IRO1COMB0001,29,2921,3
تکنو,تکنوتار,بورس,بازار دوم بورس,ماشین آلات و تجهیزات,تولید پمپ، کمپرسور، مته و دریچه,-,Technotar,IRO1TKNO0002,TKNO,TKNO1,IRO1TKNO0001,29,2912,3
تملت,تامین سرمایه بانک ملت,بورس,بازار دوم بورس,فعالیتهای کمکی به نهادهای مالی واسط,بجز تامین وجوه بیمه و بازنشستگی,-,Mellat Inv. Bank,IRO1TMLT0007,TMLT,TMLT1,IRO1TMLT0001,67,6719,3
تنوین,تامین سرمایه نوین,بورس,بازار اول (تابلوی فرعی) بورس,فعالیتهای کمکی به نهادهای مالی واسط,بجز تامین وجوه بیمه و بازنشستگی,-,S*Novin Investment,IRO1TNOV0009,TNOV,TNOV1,IRO1TNOV0001,67,6719,3
تیپیکو,سرمایه گذاری دارویی تامین,بورس,بازار اول (تابلوی اصلی) بورس,مواد و محصولات دارویی,تولید سایر محصولات دارویی,-,Tamin Daroo,IRO1DTIP0007,DTIP,DTIP1,IRO1DTIP0001,43,4399,1
ثاخت,بین المللی توسعه ساختمان,بورس,بازار دوم بورس,انبوه سازی، املاک و مستغلات,املاک و مستغلات با ملک خود یا لیزینگ شده,-,Int. Const.,IRO1BSTE0000,BSTE,BSTE1,IRO1BSTE0001,70,7010,3
ثامان,سامان  گستراصفهان,بورس,بازار دوم بورس,انبوه سازی، املاک و مستغلات,پیمانکاری املاک و مستغلات,-,Saman Gostar,IRO1SGOS0004,SGOS,SGOS1,IRO1SGOS0001,70,7021,1
ثامید,توسعه و عمران امید,بورس,بازار اول (تابلوی فرعی) بورس,انبوه سازی، املاک و مستغلات,املاک و مستغلات با ملک خود یا لیزینگ شده,-,Omid Con. & Dev.,IRO1TOOM0009,TOOM,TOOM1,IRO1TOOM0001,70,7010,3
ثبهساز,بهساز کاشانه تهران,بورس,بازار اول (تابلوی اصلی) بورس,انبوه سازی، املاک و مستغلات,املاک و مستغلات با ملک خود یا لیزینگ شده,-,Behsaz K Tehran,IRO1BEKA0009,BEKA,BEKA1,IRO1BEKA0001,70,7010,1
ثپهران,توسعه ساختمان سپهر تهران,بورس,بازار دوم بورس,انبوه سازی، املاک و مستغلات,املاک و مستغلات با ملک خود یا لیزینگ شده,-,TosESakhtemanSphrT,IRO1SPHR0003,SPHR,SPHR1,IRO1SPHR0001,70,7010,1
ثشاهد,سرمایه  گذاری  شاهد,بورس,بازار اول (تابلوی اصلی) بورس,انبوه سازی، املاک و مستغلات,املاک و مستغلات با ملک خود یا لیزینگ شده,-,Shahed Inv.,IRO1SAHD0006,SAHD,SAHD1,IRO1SAHD0001,70,7010,1
ثشرق,سرمایه گذاری مسکن شمال شرق,بورس,بازار دوم بورس,انبوه سازی، املاک و مستغلات,املاک و مستغلات با ملک خود یا لیزینگ شده,-,Maskan Invest.,IRO1PMSZ0006,PMSZ,PMSZ1,IRO1PMSZ0001,70,7010,3
ثفارس,عمران وتوسعه فارس,بورس,بازار دوم بورس,انبوه سازی، املاک و مستغلات,پیمانکاری املاک و مستغلات,-,Fars Dev.,IRO1OFRS0006,OFRS,OFRS1,IRO1OFRS0001,70,7021,3
ثمسکن,سرمایه گذاری  مسکن,بورس,بازار دوم بورس,انبوه سازی، املاک و مستغلات,پیمانکاری املاک و مستغلات,-,Housing Inv.,IRO1MSKN0005,MSKN,MSKN1,IRO1MSKN0001,70,7021,3
ثنوسا,نوسازی وساختمان تهران,بورس,بازار دوم بورس,انبوه سازی، املاک و مستغلات,املاک و مستغلات با ملک خود یا لیزینگ شده,-,S*Tehran Const.,IRO1NSTH0003,NSTH,NSTH1,IRO1NSTH0001,70,7010,3
جم,پتروشیمی جم,بورس,بازار اول (تابلوی فرعی) بورس,محصولات شیمیایی,تولید مواد شیمیایی پایه به جز کود,-,Jam Petr.,IRO1PJMZ0007,PJMZ,PJMZ1,IRO1PJMZ0001,44,4411,3
جم پیلن,پتروشیمی جم پیلن,بورس,بازار دوم بورس,محصولات شیمیایی,تولید مواد شیمیایی پایه به جز کود,-,Jam Pilen,IRO1JPPC0001,JPPC,JPPC1,IRO1JPPC0001,44,4411,1
چاپ,ص.چاپ وبسته بندی آسان قزوین,بورس,بازار اول (تابلوی اصلی) بورس,محصولات کاغذی,تولید کاغذ و مقوای موجدار و محفظه آنها,-,AsanGhazvin Co.,IRO1CHAP0000,CHAP,CHAP1,IRO1CHAP0001,21,2102,1
چافست,افست,بورس,بازار اول (تابلوی فرعی) بورس,انتشار، چاپ و تکثیر,چاپ,-,Offset,IRO1OFST0004,OFST,OFST1,IRO1OFST0001,22,2221,3
چدن,تولیدی چدن سازان,بورس,بازار اول (تابلوی اصلی) بورس,ساخت محصولات فلزی,تولید سایر محصولات فلزی ساخته شده,-,producing CHDN,IRO1CHDN0009,CHDN,CHDN1,IRO1CHDN0001,28,2899,1
چفیبر,تولید فیبر ایران,بورس,بازار دوم بورس,محصولات چوبی,تولید تخته چند لا و سایر تخته ها,-,Iran Board,IRO1FIBR0003,FIBR,FIBR1,IRO1FIBR0001,20,2021,3
چکاپا,گروه صنایع کاغذ پارس,بورس,بازار دوم بورس,محصولات کاغذی,تولید خمیر کاغذ، کاغذ و مقوا,-,Pars Paper Ind.Grp,IRO1KAPA0015,KAPA,KAPA1,IRO1KAPA0011,21,2101,1
چکارن,کارتن  ایران,بورس,بازار دوم بورس,محصولات کاغذی,تولید کاغذ و مقوای موجدار و محفظه آنها,-,Iran Carton,IRO1KRTI0006,KRTI,KRTI1,IRO1KRTI0001,21,2102,3
چکاوه,صنایع کاغذسازی کاوه,بورس,بازار دوم بورس,محصولات کاغذی,تولید خمیر کاغذ، کاغذ و مقوا,-,Kaveh Paper,IRO1KSKA0002,KSKA,KSKA1,IRO1KSKA0001,21,2101,3
حپترو,حمل و نقل پتروشیمی( سهامی عام,بورس,بازار دوم بورس,حمل ونقل، انبارداری و ارتباطات,حمل و نقل بار زمینی,-,Petr. Tran.,IRO1HJPT0002,HJPT,HJPT1,IRO1HJPT0001,60,6023,1
حتاید,تایدواترخاورمیانه,بورس,بازار اول (تابلوی اصلی) بورس,حمل ونقل، انبارداری و ارتباطات,خدمات حمل و نقل دریایی,-,Tidewater,IRO1TAYD0004,TAYD,TAYD1,IRO1TAYD0001,60,6003,1
حتوکا,حمل ونقل توکا,بورس,بازار اول (تابلوی فرعی) بورس,حمل ونقل، انبارداری و ارتباطات,حمل و نقل بار زمینی,-,Tuka Trans.,IRO1HTOK0000,HTOK,HTOK1,IRO1HTOK0001,60,6023,3
حفارس,حمل و نقل بین المللی خلیج فارس,بورس,بازار دوم بورس,حمل ونقل، انبارداری و ارتباطات,حمل و نقل بار زمینی,-,Khalij Fars Trans,IRO1HFRS0005,HFRS,HFRS1,IRO1HFRS0001,60,6023,1
حفاری,حفاری شمال,بورس,بازار اول (تابلوی اصلی) بورس,استخراج نفت گاز و خدمات جنبی جز اکتشاف,خدمات جنبی استخراج نفت گاز جز اکتشاف,-,S*North Drilling,IRO1HSHM0008,HSHM,HSHM1,IRO1HSHM0001,11,1120,1
حکشتی,کشتیرانی جمهوری اسلامی ایران,بورس,بازار اول (تابلوی فرعی) بورس,حمل ونقل، انبارداری و ارتباطات,خدمات حمل و نقل دریایی,-,S*IRI Marine Co.,IRO1KSHJ0008,KSHJ,KSHJ1,IRO1KSHJ0001,60,6003,3
خاذین,سایپاآذین,بورس,بازار دوم بورس,خودرو و ساخت قطعات,سایر قطعات یدکی و وسایل نقلیه موتوری,-,Saipa Azin,IRO1AZIN0004,AZIN,AZIN1,IRO1AZIN0001,34,3499,3
خبهمن,گروه بهمن,بورس,بازار اول (تابلوی اصلی) بورس,خودرو و ساخت قطعات,تولید وسایل نقلیه موتوری,-,Bahman Group,IRO1BHMN0009,BHMN,BHMN1,IRO1BHMN0001,34,3410,1
خپویش,سازه  پویش,بورس,بازار دوم بورس,خودرو و ساخت قطعات,قطعات یدکی و جانبی وسایل نقلیه موتوری,-,Sazeh Pouyesh,IRO1SZPO0004,SZPO,SZPO1,IRO1SZPO0001,34,3430,1
ختراک,ریخته گری  تراکتورسازی  ایران,بورس,بازار اول (تابلوی فرعی) بورس,خودرو و ساخت قطعات,قطعات یدکی و جانبی وسایل نقلیه موتوری,-,I. T. Foundry,IRO1RTIR0009,RTIR,RTIR1,IRO1RTIR0001,34,3430,3
ختور,رادیاتور ایران,بورس,بازار اول (تابلوی فرعی) بورس,خودرو و ساخت قطعات,قطعات یدکی و جانبی وسایل نقلیه موتوری,-,Iran Radiator,IRO1RADI0006,RADI,RADI1,IRO1RADI0001,34,3430,3
ختوقا,قطعات  اتومبیل  ایران,بورس,بازار اول (تابلوی اصلی) بورس,خودرو و ساخت قطعات,قطعات یدکی و جانبی وسایل نقلیه موتوری,-,Iran Auto-Parts,IRO1GHAT0002,GHAT,GHAT1,IRO1GHAT0001,34,3430,1
خچرخش,چرخشگر,بورس,بازار دوم بورس,خودرو و ساخت قطعات,قطعات یدکی و جانبی وسایل نقلیه موتوری,-,Charkheshgar,IRO1CHAR0008,CHAR,CHAR1,IRO1CHAR0001,34,3430,1
خراسان,پتروشیمی خراسان,بورس,بازار دوم بورس,محصولات شیمیایی,تولید کود و ترکیبات نیتروژن,-,Khorasan Petro.,IRO1KRSN0000,KRSN,KRSN1,IRO1KRSN0001,44,4412,1
خریخت,صنایع ریخته گری ایران,بورس,بازار دوم بورس,خودرو و ساخت قطعات,قطعات یدکی و جانبی وسایل نقلیه موتوری,-,Iran Casting,IRO1RIIR0002,RIIR,RIIR1,IRO1RIIR0001,34,3430,1
خرینگ,رینگ سازی مشهد,بورس,بازار دوم بورس,خودرو و ساخت قطعات,قطعات یدکی و جانبی وسایل نقلیه موتوری,-,Mashad Wheel,IRO1RINM0000,RINM,RINM1,IRO1RINM0001,34,3430,1
خزامیا,زامیاد,بورس,بازار اول (تابلوی فرعی) بورس,خودرو و ساخت قطعات,تولید وسایل نقلیه موتوری,-,Zamyad,IRO1ZMYD0002,ZMYD,ZMYD1,IRO1ZMYD0001,34,3410,3
خزر,فنرسازی زر,بورس,بازار اول (تابلوی فرعی) بورس,خودرو و ساخت قطعات,قطعات یدکی و جانبی وسایل نقلیه موتوری,-,Zar Spring,IRO1FNAR0007,FNAR,FNAR1,IRO1FNAR0001,34,3430,3
خساپا,سایپا,بورس,بازار دوم بورس,خودرو و ساخت قطعات,تولید وسایل نقلیه موتوری,-,S*Saipa,IRO1SIPA0001,SIPA,SIPA1,IRO1SIPA0001,34,3410,3
خشرق,الکتریک  خودرو شرق,بورس,بازار دوم بورس,خودرو و ساخت قطعات,قطعات یدکی و جانبی وسایل نقلیه موتوری,-,E. Kh. Shargh,IRO1KHSH0000,KHSH,KHSH1,IRO1KHSH0001,34,3430,1
خفنر,فنرسازی خاور,بورس,بازار اول (تابلوی فرعی) بورس,خودرو و ساخت قطعات,قطعات یدکی و جانبی وسایل نقلیه موتوری,-,Khavar Spring,IRO1KFAN0004,KFAN,KFAN1,IRO1KFAN0001,34,3430,3
خکار,ایرکا پارت صنعت,بورس,بازار اول (تابلوی اصلی) بورس,خودرو و ساخت قطعات,قطعات یدکی و جانبی وسایل نقلیه موتوری,-,Irka Part,IRO1KRIR0008,KRIR,KRIR1,IRO1KRIR0001,34,3430,1
خکمک,کمک فنرایندامین,بورس,بازار اول (تابلوی فرعی) بورس,خودرو و ساخت قطعات,قطعات یدکی و جانبی وسایل نقلیه موتوری,-,Indamin,IRO1INDM0006,INDM,INDM1,IRO1INDM0001,34,3430,3
خگستر,گسترش سرمایه گذاری ایران خودرو,بورس,بازار اول (تابلوی فرعی) بورس,خودرو و ساخت قطعات,قطعات یدکی و جانبی وسایل نقلیه موتوری,-,Iran Kh. Inv.,IRO1GOST0003,GOST,GOST1,IRO1GOST0001,34,3430,3
خلنت,لنت  ترمزایران,بورس,بازار دوم بورس,خودرو و ساخت قطعات,قطعات یدکی و جانبی وسایل نقلیه موتوری,-,Iran Brake L.,IRO1LENT0003,LENT,LENT1,IRO1LENT0001,34,3430,1
خمحرکه,نیرو محرکه,بورس,بازار دوم بورس,خودرو و ساخت قطعات,قطعات یدکی و جانبی وسایل نقلیه موتوری,-,Nirou Moharreke,IRO1NMOH0004,NMOH,NMOH1,IRO1NMOH0001,34,3430,3
خمحور,تولیدمحورخودرو,بورس,بازار دوم بورس,خودرو و ساخت قطعات,قطعات یدکی و جانبی وسایل نقلیه موتوری,-,VAMCO,IRO1TMKH0002,TMKH,TMKH1,IRO1TMKH0001,34,3430,1
خمهر,مهرکام پارس,بورس,بازار دوم بورس,خودرو و ساخت قطعات,قطعات یدکی و جانبی وسایل نقلیه موتوری,-,Mehrcam Pars,IRO1MHKM0009,MHKM,MHKM1,IRO1MHKM0001,34,3430,3
خموتور,موتورسازان تراکتورسازی ایران,بورس,بازار اول (تابلوی فرعی) بورس,خودرو و ساخت قطعات,تولید وسایل نقلیه موتوری,-,Motorsazan,IRO1MSTI0003,MSTI,MSTI1,IRO1MSTI0001,34,3410,3
خنصیر,مهندسی نصیرماشین,بورس,بازار اول (تابلوی فرعی) بورس,خودرو و ساخت قطعات,قطعات یدکی و جانبی وسایل نقلیه موتوری,-,Nasir Machine,IRO1MNSR0008,MNSR,MNSR1,IRO1MNSR0001,34,3430,3
خودرو,ایران  خودرو,بورس,بازار دوم بورس,خودرو و ساخت قطعات,تولید وسایل نقلیه موتوری,-,Iran Khodro,IRO1IKCO0008,IKCO,IKCO1,IRO1IKCO0001,34,3410,3
خوساز,محورسازان ایران خودرو,بورس,بازار دوم بورس,خودرو و ساخت قطعات,قطعات یدکی و جانبی وسایل نقلیه موتوری,-,Iran Kh. A. M.,IRO1MESI0000,MESI,MESI1,IRO1MESI0001,34,3430,1
دابور,داروسازی  ابوریحان,بورس,بازار دوم بورس,مواد و محصولات دارویی,تولید داروهای شیمیایی و گیاهی,-,Abouraihan P.,IRO1DABO0006,DABO,DABO1,IRO1DABO0001,43,4323,1
داتام,گروه مالی داتام,بورس,بازار دوم بورس,سرمایه گذاریها,سایر واسطه های مالی,-,DATAM Group,IRO1DTAM0008,DTAM,DTAM1,IRO1DTAM0001,56,5699,1
داترا,آترا زیست آرای,بورس,بازار دوم بورس,مواد و محصولات دارویی,تولید داروهای شیمیایی و گیاهی,-,Atra Zist Arai,IRO1DTRA0003,DTRA,DTRA1,IRO1DTRA0001,43,4323,1
دارو,کارخانجات داروپخش,بورس,بازار اول (تابلوی فرعی) بورس,مواد و محصولات دارویی,تولید داروهای شیمیایی و گیاهی,-,Daroupakhsh P.,IRO1DPAK0004,DPAK,DPAK1,IRO1DPAK0001,43,4323,3
داسوه,داروسازی  اسوه,بورس,بازار دوم بورس,مواد و محصولات دارویی,تولید داروهای شیمیایی و گیاهی,-,Osvah Pharm.,IRO1DOSE0003,DOSE,DOSE1,IRO1DOSE0001,43,4323,3
دالبر,البرزدارو,بورس,بازار اول (تابلوی فرعی) بورس,مواد و محصولات دارویی,تولید داروهای شیمیایی و گیاهی,-,Alborz Darou,IRO1DALZ0001,DALZ,DALZ1,IRO1DALZ0001,43,4323,3
دامین,داروسازی  امین,بورس,بازار اول (تابلوی فرعی) بورس,مواد و محصولات دارویی,تولید داروهای شیمیایی و گیاهی,-,Amin Pharm.,IRO1AMIN0009,AMIN,AMIN1,IRO1AMIN0001,43,4323,3
دانا,بیمه دانا,بورس,بازار اول (تابلوی فرعی) بورس,بیمه وصندوق بازنشستگی به جزتامین اجتماعی,بیمه غیرزندگی,-,Dana Insurance,IRO1BDAN0007,BDAN,BDAN1,IRO1BDAN0001,66,6603,3
دپارس,پارس  دارو,بورس,بازار اول (تابلوی فرعی) بورس,مواد و محصولات دارویی,تولید داروهای شیمیایی و گیاهی,-,Pars Darou,IRO1PDRO0001,PDRO,PDRO1,IRO1PDRO0001,43,4323,3
دتماد,تولیدمواداولیه داروپخش,بورس,بازار اول (تابلوی فرعی) بورس,مواد و محصولات دارویی,تولید داروهای شیمیایی و گیاهی,-,Daroupakhash I.,IRO1TMVD0003,TMVD,TMVD1,IRO1TMVD0001,43,4323,3
دجابر,داروسازی  جابرابن حیان,بورس,بازار دوم بورس,مواد و محصولات دارویی,تولید داروهای شیمیایی و گیاهی,-,Jaber Hayan P.,IRO1DJBR0004,DJBR,DJBR1,IRO1DJBR0001,43,4323,3
ددام,داروسازی زاگرس فارمد پارس,بورس,بازار دوم بورس,مواد و محصولات دارویی,تولید داروهای شیمیایی و گیاهی,-,Damloran Pharm.,IRO1DAML0006,DAML,DAML1,IRO1DAML0001,43,4323,1
درازک,دارویی  رازک,بورس,بازار اول (تابلوی فرعی) بورس,مواد و محصولات دارویی,تولید داروهای شیمیایی و گیاهی,-,Razak Lab.,IRO1DRZK0003,DRZK,DRZK1,IRO1DRZK0001,43,4323,3
دروز,داروسازی  روزدارو,بورس,بازار دوم بورس,مواد و محصولات دارویی,تولید داروهای شیمیایی و گیاهی,-,Rouz Darou P.,IRO1ROZD0009,ROZD,ROZD1,IRO1ROZD0001,43,4323,1
دزهراوی,داروسازی زهراوی,بورس,بازار دوم بورس,مواد و محصولات دارویی,تولید داروهای شیمیایی و گیاهی,-,Zahravi Phar.,IRO1DZAH0007,DZAH,DZAH1,IRO1DZAH0001,43,4323,1
دسبحا,گروه دارویی سبحان,بورس,بازار دوم بورس,مواد و محصولات دارویی,تولید داروهای شیمیایی و گیاهی,-,Sobhan Pharm.,IRO1DSOB0006,DSOB,DSOB1,IRO1DSOB0001,43,4323,3
دسبحان,سبحان دارو,بورس,بازار دوم بورس,مواد و محصولات دارویی,تولید داروهای شیمیایی و گیاهی,-,Sobhan Pharm,IRO1DSBH0005,DSBH,DSBH1,IRO1DSBH0001,43,4323,1
دسینا,داروسازی  سینا,بورس,بازار اول (تابلوی فرعی) بورس,مواد و محصولات دارویی,تولید داروهای شیمیایی و گیاهی,-,Sina Darou Lab.,IRO1DSIN0000,DSIN,DSIN1,IRO1DSIN0001,43,4323,3
دشیمی,شیمی  داروئی  داروپخش,بورس,بازار دوم بورس,مواد و محصولات دارویی,تولید داروهای شیمیایی و گیاهی,-,Daroupakhsh,IRO1DDPK0001,DDPK,DDPK1,IRO1DDPK0001,43,4323,1
دعبید,لابراتوارداروسازی  دکترعبیدی,بورس,بازار دوم بورس,مواد و محصولات دارویی,تولید داروهای شیمیایی و گیاهی,-,Dr. Abidi Lab.,IRO1ABDI0004,ABDI,ABDI1,IRO1ABDI0001,43,4323,1
دفارا,داروسازی  فارابی,بورس,بازار اول (تابلوی اصلی) بورس,مواد و محصولات دارویی,تولید داروهای شیمیایی و گیاهی,-,Farabi Pharm.,IRO1DFRB0008,DFRB,DFRB1,IRO1DFRB0001,43,4323,1
دفرا,فرآورده های  تزریقی  ایران,بورس,بازار دوم بورس,مواد و محصولات دارویی,تولید داروهای شیمیایی و گیاهی,-,Iran Parenteral,IRO1FTIR0003,FTIR,FTIR1,IRO1FTIR0001,43,4323,1
دکوثر,داروسازی  کوثر,بورس,بازار دوم بورس,مواد و محصولات دارویی,تولید داروهای شیمیایی و گیاهی,-,Kowsar Pharm.,IRO1DKSR0002,DKSR,DKSR1,IRO1DKSR0001,43,4323,3
دکیمی,کیمیدارو,بورس,بازار دوم بورس,مواد و محصولات دارویی,تولید داروهای شیمیایی و گیاهی,-,Chimidarou,IRO1KIMI0004,KIMI,KIMI1,IRO1KIMI0001,43,4323,1
دلر,داروسازی  اکسیر,بورس,بازار اول (تابلوی فرعی) بورس,مواد و محصولات دارویی,تولید داروهای شیمیایی و گیاهی,-,Exir Pharm.,IRO1EXIR0008,EXIR,EXIR1,IRO1EXIR0001,43,4323,3
دلقما,دارویی  لقمان,بورس,بازار دوم بورس,مواد و محصولات دارویی,تولید داروهای شیمیایی و گیاهی,-,Loghman Pharm.,IRO1DLGM0000,DLGM,DLGM1,IRO1DLGM0001,43,4323,1
دیران,ایران دارو,بورس,بازار دوم بورس,مواد و محصولات دارویی,تولید داروهای شیمیایی و گیاهی,-,Iran Darou,IRO1IRDR0007,IRDR,IRDR1,IRO1IRDR0001,43,4323,3
ذوب,ذوب آهن اصفهان,بورس,بازار دوم بورس,فلزات اساسی,تولید آهن و فولاد پایه,-,Esfahan Steel Co.,IRO1ZOBI0002,ZOBI,ZOBI1,IRO1ZOBI0001,27,2710,3
رانفور,خدمات انفورماتیک,بورس,بازار دوم بورس,رایانه و فعالیت های وابسته به آن,مشاوره و تهیه نرم افزار,-,Inf. Services,IRO1INFO0002,INFO,INFO1,IRO1INFO0001,72,7220,1
رتاپ,تجارت الکترونیک پارسیان,بورس,بازار دوم بورس,رایانه و فعالیت های وابسته به آن,مشاوره و تهیه نرم افزار,-,Parsian Ecommerc,IRO1EPRS0006,EPRS,EPRS1,IRO1EPRS0001,72,7220,1
رکیش,کارت اعتباری ایران کیش,بورس,بازار دوم بورس,رایانه و فعالیت های وابسته به آن,مشاوره و تهیه نرم افزار,-,Etebari Iran Co,IRO1RKSH0008,RKSH,RKSH1,IRO1RKSH0001,72,7220,1
رمپنا,گروه مپنا (سهامی عام),بورس,بازار دوم بورس,خدمات فنی و مهندسی,فعالیتهای ساختمانی و مشاوره فنی مرتبط,-,MAPNA,IRO1MAPN0000,MAPN,MAPN1,IRO1MAPN0001,74,7421,1
زپارس,ملی کشت و صنعت و دامپروری پارس,بورس,بازار دوم بورس,زراعت و خدمات وابسته,کشاورزی، دامپروری و خدمات وابسته,-,Pars Agro.,IRO1ZPRS0001,ZPRS,ZPRS1,IRO1ZPRS0001,01,121,1
زکوثر,سرمایه گذاری کشاورزی کوثر,بورس,بازار اول (تابلوی اصلی) بورس,زراعت و خدمات وابسته,پرورش حیوانات,-,Kowsar Agri. Inv.,IRO1KOSR0009,KOSR,KOSR1,IRO1KOSR0001,01,122,1
زمگسا,کشاورزی  ودامپروی  مگسال,بورس,بازار دوم بورس,زراعت و خدمات وابسته,کشاورزی، دامپروری و خدمات وابسته,-,Magsal Agri.,IRO1MAGS0006,MAGS,MAGS1,IRO1MAGS0001,01,121,1
سآبیک,سیمان آبیک,بورس,بازار اول (تابلوی اصلی) بورس,سیمان، آهک و گچ,تولید سیمان، آهک و گچ,-,Abiak Cement,IRO1ABIK0005,ABIK,ABIK1,IRO1ABIK0001,53,5394,1
ساراب,سیمان  داراب,بورس,بازار اول (تابلوی فرعی) بورس,سیمان، آهک و گچ,تولید سیمان، آهک و گچ,-,Darab Cement,IRO1SDAB0002,SDAB,SDAB1,IRO1SDAB0001,53,5394,3
ساربیل,سیمان  آرتا اردبیل,بورس,بازار دوم بورس,سیمان، آهک و گچ,تولید سیمان، آهک و گچ,-,Ardebil Cement,IRO1SADB0002,SADB,SADB1,IRO1SADB0001,53,5394,1
ساروم,سیمان ارومیه,بورس,بازار اول (تابلوی اصلی) بورس,سیمان، آهک و گچ,تولید سیمان، آهک و گچ,-,Oroumiyeh Cem.,IRO1SURO0007,SURO,SURO1,IRO1SURO0001,53,5394,1
سبجنو,سیمان  بجنورد,بورس,بازار دوم بورس,سیمان، آهک و گچ,تولید سیمان، آهک و گچ,-,Bojnourd Cement,IRO1SBOJ0000,SBOJ,SBOJ1,IRO1SBOJ0001,53,5394,1
سبهان,سیمان  بهبهان,بورس,بازار اول (تابلوی فرعی) بورس,سیمان، آهک و گچ,تولید سیمان، آهک و گچ,-,Behbahan Cement,IRO1SBHN0003,SBHN,SBHN1,IRO1SBHN0001,53,5394,3
سپ,پرداخت الکترونیک سامان کیش,بورس,بازار دوم بورس,رایانه و فعالیت های وابسته به آن,مشاوره و تهیه نرم افزار,-,Saman-E-Kish,IRO1SEPK0003,SEPK,SEPK1,IRO1SEPK0001,72,7220,3
سپاها,سیمان سپاهان,بورس,بازار اول (تابلوی اصلی) بورس,سیمان، آهک و گچ,تولید سیمان، آهک و گچ,-,Sepahan Cement,IRO1SSEP0005,SSEP,SSEP1,IRO1SSEP0001,53,5394,1
سپید,سپید ماکیان,بورس,بازار اول (تابلوی فرعی) بورس,زراعت و خدمات وابسته,پرورش طیور,-,Sepid Makian Co.,IRO1SPID0008,SPID,SPID1,IRO1SPID0001,01,141,3
ستران,سیمان  تهران,بورس,بازار اول (تابلوی اصلی) بورس,سیمان، آهک و گچ,تولید سیمان، آهک و گچ,-,Tehran Cement,IRO1STEH0004,STEH,STEH1,IRO1STEH0001,53,5394,1
سخاش,سیمان خاش,بورس,بازار اول (تابلوی فرعی) بورس,سیمان، آهک و گچ,تولید سیمان، آهک و گچ,-,Khash Cement,IRO1SKHS0007,SKHS,SKHS1,IRO1SKHS0001,53,5394,3
سخزر,سیمان  خزر,بورس,بازار اول (تابلوی اصلی) بورس,سیمان، آهک و گچ,تولید سیمان، آهک و گچ,-,Khazar Cement,IRO1SKAZ0005,SKAZ,SKAZ1,IRO1SKAZ0001,53,5394,1
سخوز,سیمان خوزستان,بورس,بازار اول (تابلوی اصلی) بورس,سیمان، آهک و گچ,تولید سیمان، آهک و گچ,-,Khoozestan CE.,IRO1KHOC0009,KHOC,KHOC1,IRO1KHOC0001,53,5394,1
سدشت,صنایع سیمان دشتستان,بورس,بازار دوم بورس,سیمان، آهک و گچ,تولید سیمان، آهک و گچ,-,Dashtestan Ce.,IRO1SDST0002,SDST,SDST1,IRO1SDST0001,53,5394,1
سدور,سیمان  دورود,بورس,بازار دوم بورس,سیمان، آهک و گچ,تولید سیمان، آهک و گچ,-,Doroud Cement,IRO1SDOR0008,SDOR,SDOR1,IRO1SDOR0001,53,5394,3
سرود,سیمان شاهرود,بورس,بازار اول (تابلوی اصلی) بورس,سیمان، آهک و گچ,تولید سیمان، آهک و گچ,-,Shahroud Cement,IRO1SROD0008,SROD,SROD1,IRO1SROD0001,53,5394,1
سشرق,سیمان  شرق,بورس,بازار اول (تابلوی اصلی) بورس,سیمان، آهک و گچ,تولید سیمان، آهک و گچ,-,Shargh Cement,IRO1SSHR0000,SSHR,SSHR1,IRO1SSHR0001,53,5394,1
سشمال,سیمان  شمال,بورس,بازار اول (تابلوی اصلی) بورس,سیمان، آهک و گچ,تولید سیمان، آهک و گچ,-,Shomal Cement,IRO1SIMS0004,SIMS,SIMS1,IRO1SIMS0001,53,5394,1
سصفها,سیمان اصفهان,بورس,بازار اول (تابلوی فرعی) بورس,سیمان، آهک و گچ,تولید سیمان، آهک و گچ,-,Isfahan Cement,IRO1SEFH0000,SEFH,SEFH1,IRO1SEFH0001,53,5394,3
سصوفی,سیمان  صوفیان,بورس,بازار اول (تابلوی اصلی) بورس,سیمان، آهک و گچ,تولید سیمان، آهک و گچ,-,Soufian Cement,IRO1SSOF0005,SSOF,SSOF1,IRO1SSOF0001,53,5394,1
سغرب,سیمان غرب,بورس,بازار اول (تابلوی اصلی) بورس,سیمان، آهک و گچ,تولید سیمان، آهک و گچ,-,Gharb Cement.,IRO1SGRB0000,SGRB,SGRB1,IRO1SGRB0001,53,5394,1
سفار,سیمان فارس,بورس,بازار دوم بورس,سیمان، آهک و گچ,تولید سیمان، آهک و گچ,-,Fars Cement,IRO1SFRS0002,SFRS,SFRS1,IRO1SFRS0001,53,5394,1
سفارس,سیمان فارس وخوزستان,بورس,بازار اول (تابلوی اصلی) بورس,سیمان، آهک و گچ,تولید سیمان، آهک و گچ,-,S*F. & Kh. Cement,IRO1SFKZ0000,SFKZ,SFKZ1,IRO1SFKZ0001,53,5394,1
سفانو,سیمان فارس نو,بورس,بازار اول (تابلوی فرعی) بورس,سیمان، آهک و گچ,تولید سیمان، آهک و گچ,-,Siman Fars Noe,IRO1SFNO0000,SFNO,SFNO1,IRO1SFNO0001,53,5394,3
سقاین,سیمان  قائن,بورس,بازار دوم بورس,سیمان، آهک و گچ,تولید سیمان، آهک و گچ,-,Qayen Cement,IRO1SGEN0001,SGEN,SGEN1,IRO1SGEN0001,53,5394,1
سکرد,سیمان کردستان,بورس,بازار دوم بورس,سیمان، آهک و گچ,تولید سیمان، آهک و گچ,-,Kordesta Ce. Co.,IRO1SKOR0009,SKOR,SKOR1,IRO1SKOR0001,53,5394,1
سکرما,سیمان  کرمان,بورس,بازار اول (تابلوی فرعی) بورس,سیمان، آهک و گچ,تولید سیمان، آهک و گچ,-,Kerman Cement,IRO1SKER0001,SKER,SKER1,IRO1SKER0001,53,5394,3
سمازن,سیمان مازندران,بورس,بازار اول (تابلوی اصلی) بورس,سیمان، آهک و گچ,تولید سیمان، آهک و گچ,-,Mazandaran Cem.,IRO1SMAZ0003,SMAZ,SMAZ1,IRO1SMAZ0001,53,5394,1
سنیر,سیمان  سفیدنی ریز,بورس,بازار اول (تابلوی فرعی) بورس,سیمان، آهک و گچ,تولید سیمان، آهک و گچ,-,Neiriz Cement,IRO1SSNR0002,SSNR,SSNR1,IRO1SSNR0001,53,5394,3
سهرمز,سیمان هرمزگان,بورس,بازار اول (تابلوی اصلی) بورس,سیمان، آهک و گچ,تولید سیمان، آهک و گچ,-,Hormozgan Cem.,IRO1SHZG0004,SHZG,SHZG1,IRO1SHZG0001,53,5394,1
سهگمت,سیمان هگمتان,بورس,بازار اول (تابلوی اصلی) بورس,سیمان، آهک و گچ,تولید سیمان، آهک و گچ,-,Hegmatan Cement,IRO1SHGN0008,SHGN,SHGN1,IRO1SHGN0001,53,5394,1
سیتا,سرمایه گذاری سیمان تامین,بورس,بازار دوم بورس,سیمان، آهک و گچ,تولید سیمان، آهک و گچ,-,Tamin Cement,IRO1SITA0007,SITA,SITA1,IRO1SITA0001,53,5394,1
سیدکو,سرمایه گذاری توسعه صنایع سیمان,بورس,بازار دوم بورس,سیمان، آهک و گچ,تولید سیمان، آهک و گچ,-,Cement INV. Co.,IRO1CIDC0001,CIDC,CIDC1,IRO1CIDC0001,53,5394,1
سیستم,همکاران سیستم,بورس,بازار اول (تابلوی اصلی) بورس,رایانه و فعالیت های وابسته به آن,مشاوره و تهیه نرم افزار,-,Hamkaran System Co,IRO1SYSM0004,SYSM,SYSM1,IRO1SYSM0001,72,7220,1
سیسکو,فولاد سیرجان ایرانیان,بورس,بازار دوم بورس,فلزات اساسی,تولید آهن و فولاد پایه,-,Sirjan Iranian Stl,IRO1SSCO0008,SSCO,SSCO1,IRO1SSCO0001,27,2710,1
سیلام,سیمان  ایلام,بورس,بازار دوم بورس,سیمان، آهک و گچ,تولید سیمان، آهک و گچ,-,Ilam Cement,IRO1SEIL0001,SEIL,SEIL1,IRO1SEIL0001,53,5394,1
سیمرغ,سیمرغ,بورس,بازار اول (تابلوی اصلی) بورس,زراعت و خدمات وابسته,پرورش حیوانات,-,Seamorgh Co.,IRO1SMRG0007,SMRG,SMRG1,IRO1SMRG0001,01,122,1
شاراک,پتروشیمی شازند,بورس,بازار دوم بورس,محصولات شیمیایی,تولید مواد شیمیایی پایه به جز کود,-,Shazand Petr.,IRO1PARK0008,PARK,PARK1,IRO1PARK0001,44,4411,1
شاملا,معدنی  املاح  ایران,بورس,بازار اول (تابلوی اصلی) بورس,محصولات شیمیایی,تولید مواد شیمیایی پایه به جز کود,-,Iran Amlah,IRO1AMLH0002,AMLH,AMLH1,IRO1AMLH0001,44,4411,1
شبریز,پالایش نفت تبریز,بورس,بازار اول (تابلوی اصلی) بورس,فراورده های نفتی، کک و سوخت هسته ای,تولید محصولات پالایش شده پتروشیمی,-,Tabriz.Oil.Refine,IRO1PNTB0002,PNTB,PNTB1,IRO1PNTB0001,23,2320,1
شبندر,پالایش نفت بندرعباس,بورس,بازار اول (تابلوی اصلی) بورس,فراورده های نفتی، کک و سوخت هسته ای,ساخت فرآورده های نفتی تصفیه شده,-,B.A Oil Refinie,IRO1PNBA0003,PNBA,PNBA1,IRO1PNBA0001,23,2308,1
شبهرن,نفت  بهران,بورس,بازار اول (تابلوی اصلی) بورس,فراورده های نفتی، کک و سوخت هسته ای,تولید محصولات پالایش شده پتروشیمی,-,Behran Oil,IRO1NBEH0009,NBEH,NBEH1,IRO1NBEH0001,23,2320,1
شپارس,بین  المللی  محصولات  پارس,بورس,بازار دوم بورس,محصولات شیمیایی,تولید شوینده ها، عطر و محصولات آرایشی,-,Pars Int. Mfg.,IRO1BMPS0004,BMPS,BMPS1,IRO1BMPS0001,44,4424,1
شپاکسا,پاکسان,بورس,بازار دوم بورس,محصولات شیمیایی,تولید شوینده ها، عطر و محصولات آرایشی,-,Paxan,IRO1PAKS0007,PAKS,PAKS1,IRO1PAKS0001,44,4424,3
شپدیس,پتروشیمی پردیس,بورس,بازار اول (تابلوی فرعی) بورس,محصولات شیمیایی,تولید کود و ترکیبات نیتروژن,-,Pardis Petr.,IRO1PRDZ0008,PRDZ,PRDZ1,IRO1PRDZ0001,44,4412,3
شپنا,پالایش نفت اصفهان,بورس,بازار اول (تابلوی اصلی) بورس,فراورده های نفتی، کک و سوخت هسته ای,تولید محصولات پالایش شده پتروشیمی,-,S*Isf. Oil Ref.Co.,IRO1PNES0000,PNES,PNES1,IRO1PNES0001,23,2320,1
شتران,پالایش نفت تهران,بورس,بازار اول (تابلوی اصلی) بورس,فراورده های نفتی، کک و سوخت هسته ای,تولید محصولات پالایش شده پتروشیمی,-,Palayesh Tehran,IRO1PTEH0007,PTEH,PTEH1,IRO1PTEH0001,23,2320,1
شخارک,پتروشیمی  خارک,بورس,بازار دوم بورس,محصولات شیمیایی,تولید مواد شیمیایی پایه به جز کود,-,Khark Petr.,IRO1PKHA0000,PKHA,PKHA1,IRO1PKHA0001,44,4411,1
شدوص,دوده  صنعتی  پارس,بورس,بازار دوم بورس,محصولات شیمیایی,تولید سایر محصولات شیمیایی,-,Doode Sanati,IRO1DODE0000,DODE,DODE1,IRO1DODE0001,44,4429,1
شراز,پالایش نفت شیراز,بورس,بازار دوم بورس,فراورده های نفتی، کک و سوخت هسته ای,تولید محصولات پالایش شده پتروشیمی,-,Palayesh Naft,IRO1PRZZ0002,PRZZ,PRZZ1,IRO1PRZZ0001,23,2320,1
شسپا,نفت سپاهان,بورس,بازار اول (تابلوی اصلی) بورس,فراورده های نفتی، کک و سوخت هسته ای,تولید محصولات پالایش شده پتروشیمی,-,Spahan Naft,IRO1SEPP0008,SEPP,SEPP1,IRO1SEPP0001,23,2320,1
شستا,سرمایه گذاری تامین اجتماعی,بورس,بازار اول (تابلوی فرعی) بورس,شرکتهای چند رشته ای صنعتی,شرکتهای صنعتی چند رشته ای,-,Social Sec Inv,IRO1TAMN0006,TAMN,TAMN1,IRO1TAMN0001,39,3999,3
شسینا,صنایع شیمیایی سینا,بورس,بازار اول (تابلوی فرعی) بورس,محصولات شیمیایی,تولید مواد شیمیایی پایه به جز کود,-,Sina Chem. Ind.,IRO1SHSI0001,SHSI,SHSI1,IRO1SHSI0001,44,4411,3
شغدیر,پتروشیمی غدیر,بورس,بازار دوم بورس,محصولات شیمیایی,تولید پلاستیک اولیه و لاستیک ترکیبی,-,Ghadir Petro Co.,IRO1PGDR0001,PGDR,PGDR1,IRO1PGDR0001,44,4413,3
شفا,سرمایه گذاری شفادارو,بورس,بازار دوم بورس,مواد و محصولات دارویی,تولید سایر محصولات دارویی,-,ShafaDarou Inv.,IRO1SHFA0004,SHFA,SHFA1,IRO1SHFA0001,43,4399,3
شفارس,صنایع  شیمیایی  فارس,بورس,بازار اول (تابلوی اصلی) بورس,محصولات شیمیایی,تولید مواد شیمیایی پایه به جز کود,-,Fars Chem. Ind.,IRO1SHFS0004,SHFS,SHFS1,IRO1SHFS0001,44,4411,1
شفن,پتروشیمی فناوران,بورس,بازار اول (تابلوی فرعی) بورس,محصولات شیمیایی,تولید مواد شیمیایی پایه به جز کود,-,Fanavaran Petr.,IRO1PFAN0009,PFAN,PFAN1,IRO1PFAN0001,44,4411,3
شکربن,کربن  ایران,بورس,بازار اول (تابلوی اصلی) بورس,محصولات شیمیایی,تولید سایر محصولات شیمیایی,-,Iran Carbon,IRO1CRBN0009,CRBN,CRBN1,IRO1CRBN0001,44,4429,1
شکلر,نیروکلر,بورس,بازار اول (تابلوی اصلی) بورس,محصولات شیمیایی,تولید مواد شیمیایی پایه به جز کود,-,NiroCholor,IRO1NKOL0000,NKOL,NKOL1,IRO1NKOL0001,44,4411,1
شگل,گلتاش,بورس,بازار دوم بورس,محصولات شیمیایی,تولید شوینده ها، عطر و محصولات آرایشی,-,Goltash,IRO1GTSH0002,GTSH,GTSH1,IRO1GTSH0001,44,4424,1
شلعاب,لعابیران,بورس,بازار دوم بورس,محصولات شیمیایی,تولید رنگ، بتونه، جوهر,-,Loabiran,IRO1LEAB0008,LEAB,LEAB1,IRO1LEAB0001,44,4422,1
شنفت,نفت  پارس,بورس,بازار اول (تابلوی فرعی) بورس,فراورده های نفتی، کک و سوخت هسته ای,تولید محصولات پالایش شده پتروشیمی,-,Pars Oil,IRO1NPRS0005,NPRS,NPRS1,IRO1NPRS0001,23,2320,3
شهر,گروه مالی شهر,بورس,بازار دوم بورس,سرمایه گذاریها,سایر واسطه های مالی,-,Shahr Financial G.,IRO1GMSH0009,GMSH,GMSH1,IRO1GMSH0001,56,5699,1
شوینده,مدیریت صنعت شوینده ت.ص.بهشهر,بورس,بازار اول (تابلوی فرعی) بورس,محصولات شیمیایی,تولید شوینده ها، عطر و محصولات آرایشی,-,Behshahr Ind.,IRO1SHOY0005,SHOY,SHOY1,IRO1SHOY0001,44,4424,3
شیراز,پتروشیمی شیراز,بورس,بازار دوم بورس,محصولات شیمیایی,تولید کود و ترکیبات نیتروژن,-,Shiraz Petr.,IRO1PSHZ0003,PSHZ,PSHZ1,IRO1PSHZ0001,44,4412,1
شیران,س. صنایع شیمیایی ایران,بورس,بازار اول (تابلوی فرعی) بورس,محصولات شیمیایی,تولید مواد شیمیایی پایه به جز کود,-,S*Iran Chem. Ind.,IRO1SSIN0003,SSIN,SSIN1,IRO1SSIN0001,44,4411,3
صبا,گروه مالی صبا تامین,بورس,بازار اول (تابلوی فرعی) بورس,سرمایه گذاریها,سایر واسطه های مالی,-,Saba Tamin Inv.,IRO1STIZ0008,STIZ,STIZ1,IRO1STIZ0001,56,5699,3
غاذر,کشت وصنعت پیاذر,بورس,بازار دوم بورس,محصولات غذایی و آشامیدنی به جز قند و شکر,پرورش و نگهداری میوه جات و سبزیجات,-,Piazar Agro.,IRO1PIAZ0002,PIAZ,PIAZ1,IRO1PIAZ0001,42,4213,3
غالبر,لبنیات کالبر,بورس,بازار دوم بورس,محصولات غذایی و آشامیدنی به جز قند و شکر,تولید لبنیات,-,Kalber Dairy,IRO1KLBR0001,KLBR,KLBR1,IRO1KLBR0001,42,4220,1
غانیزان,فرآورده های دامی ولبنی دالاهو,بورس,بازار دوم بورس,محصولات غذایی و آشامیدنی به جز قند و شکر,تولید لبنیات,-,Dalahoo,IRO1MNZN0003,MNZN,MNZN1,IRO1MNZN0001,42,4220,1
غبشهر,صنعتی  بهشهر,بورس,بازار اول (تابلوی اصلی) بورس,محصولات غذایی و آشامیدنی به جز قند و شکر,تولید روغن های حیوانی و نباتی,-,Behshahr Ind.,IRO1SBEH0004,SBEH,SBEH1,IRO1SBEH0001,42,4214,1
غبهنوش,بهنوش  ایران,بورس,بازار دوم بورس,محصولات غذایی و آشامیدنی به جز قند و شکر,تولید جو و ماءالشعیر,-,Behnoush Iran,IRO1BENN0001,BENN,BENN1,IRO1BENN0001,42,4253,3
غپاک,لبنیات  پاک,بورس,بازار دوم بورس,محصولات غذایی و آشامیدنی به جز قند و شکر,تولید لبنیات,-,Pak Dairy,IRO1LPAK0004,LPAK,LPAK1,IRO1LPAK0001,42,4220,3
غپینو,پارس  مینو,بورس,بازار اول (تابلوی اصلی) بورس,محصولات غذایی و آشامیدنی به جز قند و شکر,تولید کاکائو، شکلات و شیرینی جات,-,Pars Minoo,IRO1MINO0003,MINO,MINO1,IRO1MINO0001,42,4243,1
غچین,کشت  و صنعت  چین  چین,بورس,بازار دوم بورس,محصولات غذایی و آشامیدنی به جز قند و شکر,تولید سایر محصولات غذایی,-,Chin Chin,IRO1CHCH0008,CHCH,CHCH1,IRO1CHCH0001,42,4249,3
غدام,خوراک  دام  پارس,بورس,بازار دوم بورس,محصولات غذایی و آشامیدنی به جز قند و شکر,تولید خوراک آماده دام,-,P. Animal Feed,IRO1KDPS0004,KDPS,KDPS1,IRO1KDPS0001,42,4233,3
غدشت,دشت  مرغاب,بورس,بازار دوم بورس,محصولات غذایی و آشامیدنی به جز قند و شکر,پرورش و نگهداری میوه جات و سبزیجات,-,Dasht Morghab,IRO1DMOR0004,DMOR,DMOR1,IRO1DMOR0001,42,4213,3
غزر,صنعتی زر ماکارون,بورس,بازار اول (تابلوی اصلی) بورس,محصولات غذایی و آشامیدنی به جز قند و شکر,تولید سایر محصولات غذایی,-,Zar Makaron,IRO1ZARM0004,ZARM,ZARM1,IRO1ZARM0001,42,4249,1
غسالم,سالمین,بورس,بازار اول (تابلوی اصلی) بورس,محصولات غذایی و آشامیدنی به جز قند و شکر,تولید نان و محصولات وابسته,-,Salemin Factory,IRO1SLMN0004,SLMN,SLMN1,IRO1SLMN0001,42,4241,1
غشاذر,پگاه آذربایجان غربی,بورس,بازار دوم بورس,محصولات غذایی و آشامیدنی به جز قند و شکر,تولید لبنیات,-,W. Azar. Pegah,IRO1SHPZ0003,SHPZ,SHPZ1,IRO1SHPZ0001,42,4220,1
غشان,شیرپاستوریزه پگاه خراسان,بورس,بازار دوم بورس,محصولات غذایی و آشامیدنی به جز قند و شکر,تولید لبنیات,-,Kh. Pegah Dairy,IRO1SPKH0000,SPKH,SPKH1,IRO1SPKH0001,42,4220,1
غشصفا,شیرپاستوریزه پگاه اصفهان,بورس,بازار اول (تابلوی فرعی) بورس,محصولات غذایی و آشامیدنی به جز قند و شکر,تولید لبنیات,-,I. Pegah Dairy,IRO1SPPE0008,SPPE,SPPE1,IRO1SPPE0001,42,4220,3
غشهد,شهد ایران,بورس,بازار دوم بورس,محصولات غذایی و آشامیدنی به جز قند و شکر,پرورش و نگهداری میوه جات و سبزیجات,-,Shahdiran Inc.,IRO1SHAD0006,SHAD,SHAD1,IRO1SHAD0001,42,4213,1
غکورش,صنعت غذایی کورش,بورس,بازار اول (تابلوی فرعی) بورس,محصولات غذایی و آشامیدنی به جز قند و شکر,تولید روغن های حیوانی و نباتی,-,Kourosh Food Ind.,IRO1KRSH0008,KRSH,KRSH1,IRO1KRSH0001,42,4214,3
غگرجی,بیسکویت  گرجی,بورس,بازار دوم بورس,محصولات غذایی و آشامیدنی به جز قند و شکر,تولید نان و محصولات وابسته,-,Gorji Biscuit,IRO1GORJ0006,GORJ,GORJ1,IRO1GORJ0001,42,4241,3
غگل,گلوکوزان,بورس,بازار اول (تابلوی اصلی) بورس,محصولات غذایی و آشامیدنی به جز قند و شکر,تولید نشاسته و محصولات وابسته,-,Glucosan,IRO1GCOZ0003,GCOZ,GCOZ1,IRO1GCOZ0001,42,4232,1
غمهرا,تولیدی مهرام,بورس,بازار اول (تابلوی فرعی) بورس,محصولات غذایی و آشامیدنی به جز قند و شکر,تولید سایر محصولات غذایی,-,Mahram Mfg.,IRO1MRAM0009,MRAM,MRAM1,IRO1MRAM0001,42,4249,3
غنوش,نوش مازندران,بورس,بازار دوم بورس,محصولات غذایی و آشامیدنی به جز قند و شکر,پرورش و نگهداری میوه جات و سبزیجات,-,Noush Maz.,IRO1NOSH0008,NOSH,NOSH1,IRO1NOSH0001,42,4213,3
فاذر,صنایع  آذرآب,بورس,بازار دوم بورس,ساخت محصولات فلزی,تولید مواد بخار به جز دیگهای بخار مرکزی,-,S*Azarab Ind.,IRO1AZAB0006,AZAB,AZAB1,IRO1AZAB0001,28,2813,3
فاراک,ماشین  سازی  اراک,بورس,بازار دوم بورس,ساخت محصولات فلزی,تولید مواد بخار به جز دیگهای بخار مرکزی,-,S*Arak M. Mfg.,IRO1MARK0001,MARK,MARK1,IRO1MARK0001,28,2813,1
فارس,صنایع پتروشیمی خلیج فارس,بورس,بازار اول (تابلوی فرعی) بورس,محصولات شیمیایی,تولید مواد شیمیایی پایه به جز کود,-,Khalij Fars,IRO1PKLJ0005,PKLJ,PKLJ1,IRO1PKLJ0001,44,4411,3
فاما,صنعتی  آما,بورس,بازار اول (تابلوی فرعی) بورس,ساخت محصولات فلزی,تولید سایر محصولات فلزی ساخته شده,-,Ama,IRO1SAMA0002,SAMA,SAMA1,IRO1SAMA0001,28,2899,3
فایرا,آلومینیوم ایران,بورس,بازار اول (تابلوی اصلی) بورس,فلزات اساسی,تولید فلزات گرانبهای غیرآهن,-,S*Iran Aluminium,IRO1ALIR0006,ALIR,ALIR1,IRO1ALIR0001,27,2720,1
فباهنر,مس  شهیدباهنر,بورس,بازار اول (تابلوی اصلی) بورس,فلزات اساسی,تولید فلزات گرانبهای غیرآهن,-,Bahonar Copper,IRO1BAHN0003,BAHN,BAHN1,IRO1BAHN0001,27,2720,1
فپنتا,سپنتا,بورس,بازار اول (تابلوی اصلی) بورس,فلزات اساسی,تولید آهن و فولاد پایه,-,Sepanta,IRO1SPTA0008,SPTA,SPTA1,IRO1SPTA0001,27,2710,1
فجام,جام دارو,بورس,بازار دوم بورس,ساخت محصولات فلزی,تولید سایر محصولات فلزی ساخته شده,-,Jaam Darou,IRO1JAMD0000,JAMD,JAMD1,IRO1JAMD0001,28,2899,3
فجر,فولاد امیرکبیرکاشان,بورس,بازار اول (تابلوی اصلی) بورس,فلزات اساسی,تولید آهن و فولاد پایه,-,Amirkabir Steel,IRO1FAJR0003,FAJR,FAJR1,IRO1FAJR0001,27,2710,1
فخاس,فولاد خراسان,بورس,بازار دوم بورس,فلزات اساسی,تولید آهن و فولاد پایه,-,Khorasan Steel Co.,IRO1FKAS0009,FKAS,FKAS1,IRO1FKAS0001,27,2710,3
فخوز,فولاد خوزستان,بورس,بازار اول (تابلوی اصلی) بورس,فلزات اساسی,تولید آهن و فولاد پایه,-,Khouz. Steel,IRO1FKHZ0003,FKHZ,FKHZ1,IRO1FKHZ0001,27,2710,1
فرآور,فرآوری موادمعدنی ایران,بورس,بازار اول (تابلوی فرعی) بورس,فلزات اساسی,تولید فلزات گرانبهای غیرآهن,-,Iran Mineral P.,IRO1FRVR0008,FRVR,FRVR1,IRO1FRVR0001,27,2720,3
فروس,فروسیلیس  ایران,بورس,بازار اول (تابلوی اصلی) بورس,فلزات اساسی,تولید آهن و فولاد پایه,-,Iran Ferr.,IRO1FRIS0004,FRIS,FRIS1,IRO1FRIS0001,27,2710,1
فسازان,غلتک سازان سپاهان,بورس,بازار دوم بورس,فلزات اساسی,تولید آهن و فولاد پایه,-,GhaltakSaznSepahan,IRO1FSAZ0002,FSAZ,FSAZ1,IRO1FSAZ0001,27,2710,1
فسبزوار,پارس فولاد سبزوار,بورس,بازار اول (تابلوی اصلی) بورس,فلزات اساسی,تولید آهن و فولاد پایه,-,Sabzevar Steel,IRO1FSBZ0001,FSBZ,FSBZ1,IRO1FSBZ0001,27,2710,1
فسپا,گروه صنعتی سپاهان,بورس,بازار اول (تابلوی اصلی) بورس,فلزات اساسی,تولید آهن و فولاد پایه,-,Sepahan Group,IRO1SEPA0005,SEPA,SEPA1,IRO1SEPA0001,27,2710,1
فسرب,ملی  سرب وروی  ایران,بورس,بازار دوم بورس,فلزات اساسی,تولید فلزات گرانبهای غیرآهن,-,N. I. L. Z.,IRO1SORB0000,SORB,SORB1,IRO1SORB0001,27,2720,1
فلامی,لامیران,بورس,بازار دوم بورس,ساخت محصولات فلزی,تولید کارد و چنگال، ابزار دستی و عمومی,-,Lamiran,IRO1LAMI0001,LAMI,LAMI1,IRO1LAMI0001,28,2893,3
فلوله,لوله وماشین سازی ایران,بورس,بازار اول (تابلوی اصلی) بورس,فلزات اساسی,تولید آهن و فولاد پایه,-,Iran M. & P. M.,IRO1LMIR0002,LMIR,LMIR1,IRO1LMIR0001,27,2710,1
فمراد,آلومراد,بورس,بازار دوم بورس,فلزات اساسی,تولید فلزات گرانبهای غیرآهن,-,Alomrad,IRO1ALMR0000,ALMR,ALMR1,IRO1ALMR0001,27,2720,3
فملی,ملی  صنایع  مس  ایران,بورس,بازار اول (تابلوی اصلی) بورس,فلزات اساسی,تولید فلزات گرانبهای غیرآهن,-,S*I. N. C. Ind.,IRO1MSMI0000,MSMI,MSMI1,IRO1MSMI0001,27,2720,1
فنوال,نورد آلومینیوم,بورس,بازار اول (تابلوی فرعی) بورس,فلزات اساسی,تولید فلزات گرانبهای غیرآهن,-,Aluminum R.,IRO1NALM0004,NALM,NALM1,IRO1NALM0001,27,2720,3
فنورد,نوردوقطعات  فولادی,بورس,بازار دوم بورس,فلزات اساسی,تولید آهن و فولاد پایه,-,R. Mill Prod.,IRO1NGFO0004,NGFO,NGFO1,IRO1NGFO0001,27,2710,1
فولاد,فولاد مبارکه اصفهان,بورس,بازار اول (تابلوی اصلی) بورس,فلزات اساسی,تولید آهن و فولاد پایه,-,S*Mobarakeh Steel,IRO1FOLD0009,FOLD,FOLD1,IRO1FOLD0001,27,2710,1
فولاژ,فولاد آلیاژی ایران,بورس,بازار اول (تابلوی اصلی) بورس,فلزات اساسی,تولید آهن و فولاد پایه,-,Iran Fold,IRO1FAIR0004,FAIR,FAIR1,IRO1FAIR0001,27,2710,1
قپیرا,فرآورده های غدایی وقندپیرانشهر,بورس,بازار اول (تابلوی فرعی) بورس,قند و شکر,تولید شکر,-,Piranshahr S.,IRO1GPSH0006,GPSH,GPSH1,IRO1GPSH0001,38,3842,3
قثابت,قند ثابت  خراسان,بورس,بازار دوم بورس,قند و شکر,تولید شکر,-,S*Sabet Khorasan,IRO1GSBE0005,GSBE,GSBE1,IRO1GSBE0001,38,3842,3
قرن,پدیده شیمی قرن,بورس,بازار اول (تابلوی اصلی) بورس,محصولات شیمیایی,تولید شوینده ها، عطر و محصولات آرایشی,-,Padide Shimi Gharn,IRO1GARN0006,GARN,GARN1,IRO1GARN0001,44,4424,1
قزوین,کارخانجات  قند قزوین,بورس,بازار دوم بورس,قند و شکر,تولید شکر,-,Ghazvin Sugar,IRO1GGAZ0005,GGAZ,GGAZ1,IRO1GGAZ0001,38,3842,1
قشکر,شکر,بورس,بازار دوم بورس,قند و شکر,تولید شکر,-,Sugar,IRO1SHKR0008,SHKR,SHKR1,IRO1SHKR0001,38,3842,3
قشهد,شهد,بورس,بازار دوم بورس,قند و شکر,تولید شکر,-,Khoy Sugar Co.,IRO1GHND0005,GHND,GHND1,IRO1GHND0001,38,3842,1
قصفها,قنداصفهان,بورس,بازار اول (تابلوی فرعی) بورس,قند و شکر,تولید شکر,-,Isfahan Sugar,IRO1GESF0001,GESF,GESF1,IRO1GESF0001,38,3842,3
قلرست,قند لرستان,بورس,بازار دوم بورس,قند و شکر,تولید شکر,-,Lorestan Sugar,IRO1GLOR0002,GLOR,GLOR1,IRO1GLOR0001,38,3842,1
قمرو,قند مرودشت,بورس,بازار دوم بورس,قند و شکر,تولید شکر,-,Marvdasht Sugar,IRO1GMRO0001,GMRO,GMRO1,IRO1GMRO0001,38,3842,1
قنیشا,قند نیشابور,بورس,بازار دوم بورس,قند و شکر,تولید شکر,-,Neyshabour S.,IRO1GNBO0008,GNBO,GNBO1,IRO1GNBO0001,38,3842,3
قهکمت,قندهکمتان,بورس,بازار دوم بورس,قند و شکر,تولید شکر,-,Hegmatan Sugar,IRO1GHEG0003,GHEG,GHEG1,IRO1GHEG0001,38,3842,1
کاذر,فرآورده های نسوزآذر,بورس,بازار اول (تابلوی فرعی) بورس,سایر محصولات کانی غیرفلزی,تولید محصولات سرامیکی نسوز,-,Azar Refract.,IRO1NSAZ0002,NSAZ,NSAZ1,IRO1NSAZ0001,54,5492,3
کالا,بورس کالای ایران,بورس,بازار اول (تابلوی اصلی) بورس,فعالیتهای کمکی به نهادهای مالی واسط,اداره ی بازارهای مالی,-,Commodity Exch.,IRO1KALA0001,KALA,KALA1,IRO1KALA0001,67,6711,1
کاما,باما,بورس,بازار دوم بورس,استخراج کانه های فلزی,استخراج کانه فلزی غیرآهن,-,Bama,IRO1BAMA0001,BAMA,BAMA1,IRO1BAMA0001,13,1320,1
کاوه,فولاد کاوه جنوب کیش,بورس,بازار اول (تابلوی اصلی) بورس,فلزات اساسی,تولید آهن و فولاد پایه,-,Kaveh Company,IRO1KVEH0008,KVEH,KVEH1,IRO1KVEH0001,27,2710,1
کبافق,معادن  بافق,بورس,بازار اول (تابلوی فرعی) بورس,استخراج کانه های فلزی,استخراج کانه فلزی غیرآهن,-,Bafgh Mining,IRO1BAFG0004,BAFG,BAFG1,IRO1BAFG0001,13,1320,3
کپارس,کاشی  پارس,بورس,بازار دوم بورس,کاشی و سرامیک,تولید گل و سرامیک ساختمانی,-,Pars Tile,IRO1KPRS0008,KPRS,KPRS1,IRO1KPRS0001,49,4993,1
کپشیر,پشم شیشه ایران,بورس,بازار اول (تابلوی اصلی) بورس,سایر محصولات کانی غیرفلزی,تولید شیشه,-,Iran Glass Wool,IRO1PSIR0002,PSIR,PSIR1,IRO1PSIR0001,54,5410,1
کترام,تولیدی  کاشی  تکسرام,بورس,بازار اول (تابلوی فرعی) بورس,کاشی و سرامیک,تولید گل و سرامیک ساختمانی,-,Takceram,IRO1TKSM0009,TKSM,TKSM1,IRO1TKSM0001,49,4993,3
کچاد,معدنی وصنعتی چادرملو,بورس,بازار اول (تابلوی اصلی) بورس,استخراج کانه های فلزی,استخراج آهن,-,Chadormalu,IRO1CHML0000,CHML,CHML1,IRO1CHML0001,13,1310,1
کحافظ,کاشی  وسرامیک  حافظ,بورس,بازار اول (تابلوی فرعی) بورس,کاشی و سرامیک,تولید گل و سرامیک ساختمانی,-,Hafez Tile,IRO1KHFZ0003,KHFZ,KHFZ1,IRO1KHFZ0001,49,4993,3
کخاک,صنایع خاک چینی ایران,بورس,بازار اول (تابلوی اصلی) بورس,سایر محصولات کانی غیرفلزی,تولید سایر محصولات معدنی غیرفلزی,-,Iran China Clay,IRO1KCHI0007,KCHI,KCHI1,IRO1KCHI0001,54,5499,1
کدما,معدنی  دماوند,بورس,بازار دوم بورس,استخراج کانه های فلزی,استخراج کانه فلزی غیرآهن,-,Damavand Min.,IRO1DMVN0009,DMVN,DMVN1,IRO1DMVN0001,13,1320,1
کرازی,کارخانجات تولیدی شیشه رازی,بورس,بازار اول (تابلوی اصلی) بورس,سایر محصولات کانی غیرفلزی,تولید شیشه,-,Razi P. Glasses,IRO1TSRZ0007,TSRZ,TSRZ1,IRO1TSRZ0001,54,5410,1
کرماشا,صنایع پتروشیمی کرمانشاه,بورس,بازار اول (تابلوی اصلی) بورس,محصولات شیمیایی,تولید کود و ترکیبات نیتروژن,-,Kermanshah Petr,IRO1PKER0004,PKER,PKER1,IRO1PKER0001,44,4412,1
کساپا,سایپاشیشه,بورس,بازار دوم بورس,سایر محصولات کانی غیرفلزی,تولید شیشه,-,Saipa Glass,IRO1SISH0001,SISH,SISH1,IRO1SISH0001,54,5410,3
کساوه,صنایع  کاشی  و سرامیک  سینا,بورس,بازار اول (تابلوی فرعی) بورس,کاشی و سرامیک,تولید گل و سرامیک ساختمانی,-,Sina Tile,IRO1SINA0003,SINA,SINA1,IRO1SINA0001,49,4993,3
کسرا,سرامیک های صنعتی اردکان,بورس,بازار اول (تابلوی اصلی) بورس,سایر محصولات کانی غیرفلزی,تولید سرامیک غیرساختمانی,-,Ardekan Ceramic,IRO1ARDK0002,ARDK,ARDK1,IRO1ARDK0001,54,5491,1
کسرام,پارس  سرام,بورس,بازار دوم بورس,سایر محصولات کانی غیرفلزی,تولید سرامیک غیرساختمانی,-,Pars Ceram,IRO1PSER0006,PSER,PSER1,IRO1PSER0001,54,5491,1
کسعدی,کاشی  سعدی,بورس,بازار دوم بورس,کاشی و سرامیک,تولید گل و سرامیک ساختمانی,-,Saadi Tile,IRO1KSAD0001,KSAD,KSAD1,IRO1KSAD0001,49,4993,1
کطبس,ذغال سنگ  نگین  ط بس,بورس,بازار دوم بورس,استخراج زغال سنگ,استخراج و انبار زغال سنگ سخت,-,Negin Tabas L.,IRO1TBAS0004,TBAS,TBAS1,IRO1TBAS0001,10,1010,1
کفپارس,فرآورده های  نسوز پارس,بورس,بازار اول (تابلوی فرعی) بورس,سایر محصولات کانی غیرفلزی,تولید محصولات سرامیکی نسوز,-,Pars Refract.,IRO1NSPS0004,NSPS,NSPS1,IRO1NSPS0001,54,5492,3
کفرا,فراورده  های  نسوزایران,بورس,بازار دوم بورس,سایر محصولات کانی غیرفلزی,تولید محصولات سرامیکی نسوز,-,Iran Refract.,IRO1NASI0003,NASI,NASI1,IRO1NASI0001,54,5492,1
کگاز,شیشه  و گاز,بورس,بازار اول (تابلوی فرعی) بورس,سایر محصولات کانی غیرفلزی,تولید شیشه,-,Glass and Gas,IRO1SGAZ0001,SGAZ,SGAZ1,IRO1SGAZ0001,54,5410,3
کگل,معدنی و صنعتی گل گهر,بورس,بازار اول (تابلوی اصلی) بورس,استخراج کانه های فلزی,استخراج آهن,-,Gol-E-Gohar.,IRO1GOLG0005,GOLG,GOLG1,IRO1GOLG0001,13,1310,1
کلوند,کاشی  الوند,بورس,بازار اول (تابلوی فرعی) بورس,کاشی و سرامیک,تولید گل و سرامیک ساختمانی,-,Alvand Tile,IRO1ALVN0003,ALVN,ALVN1,IRO1ALVN0001,49,4993,3
کماسه,تامین  ماسه  ریخته گری,بورس,بازار اول (تابلوی فرعی) بورس,استخراج سایر معادن,استخراج سنگ، ماسه و خاک رس,-,Sand Foundry,IRO1TAMI0003,TAMI,TAMI1,IRO1TAMI0001,14,1410,3
کمنگنز,معادن منگنزایران,بورس,بازار اول (تابلوی فرعی) بورس,استخراج کانه های فلزی,استخراج کانه فلزی غیرآهن,-,Iran Mn. Mines,IRO1MNGZ0002,MNGZ,MNGZ1,IRO1MNGZ0001,13,1320,3
کنور,توسعه معدنی و صنعتی صبانور,بورس,بازار دوم بورس,استخراج کانه های فلزی,استخراج آهن,-,Saba Noor,IRO1KNRZ0001,KNRZ,KNRZ1,IRO1KNRZ0001,13,1310,1
کهمدا,شیشه  همدان,بورس,بازار اول (تابلوی اصلی) بورس,سایر محصولات کانی غیرفلزی,تولید شیشه,-,Hamadan Glass,IRO1SHMD0002,SHMD,SHMD1,IRO1SHMD0001,54,5410,1
کویر,تولیدی فولاد سپید فراب کویر,بورس,بازار دوم بورس,فلزات اساسی,تولید آهن و فولاد پایه,-,Sepid Farab Kavir,IRO1KVIR0002,KVIR,KVIR1,IRO1KVIR0001,27,2710,1
کیانا,گروه مالی کیان,بورس,بازار دوم بورس,سرمایه گذاریها,سایر واسطه های مالی,-,Kian Capital Mng.,IRO1KYAN0001,KYAN,KYAN1,IRO1KYAN0001,56,5699,1
کیمیا,ص. معدنی کیمیای زنجان گستران,بورس,بازار اول (تابلوی فرعی) بورس,فلزات اساسی,تولید فلزات گرانبهای غیرآهن,-,Kimia Zanjan Co,IRO1KZGZ0000,KZGZ,KZGZ1,IRO1KZGZ0001,27,2720,3
کیمیاتک,آریان کیمیا تک,بورس,بازار دوم بورس,محصولات شیمیایی,تولید شوینده ها، عطر و محصولات آرایشی,-,Arian Chimia Tech,IRO1KTEK0007,KTEK,KTEK1,IRO1KTEK0001,44,4424,1
لابسا,آبسال,بورس,بازار دوم بورس,ماشین آلات و تجهیزات,تولید سایر ماشین آلات عمومی,-,Absal,IRO1ASAL0003,ASAL,ASAL1,IRO1ASAL0001,29,2919,3
لبوتان,گروه صنعتی بوتان,بورس,بازار دوم بورس,ماشین آلات و تجهیزات,تولید وسایل خانگی,-,Butane Group,IRO1BOTA0008,BOTA,BOTA1,IRO1BOTA0001,29,2930,1
لپارس,پارس  الکتریک,بورس,بازار دوم بورس,ساخت دستگاه ها و وسایل ارتباطی,گیرنده رادیو، تلویزیون و تجهیزات وابسته,-,Pars Electric,IRO1PELC0000,PELC,PELC1,IRO1PELC0001,32,3230,1
لخزر,پارس  خزر,بورس,بازار دوم بورس,ماشین آلات و تجهیزات,تولید وسایل خانگی,-,Pars Khazar,IRO1KHAZ0008,KHAZ,KHAZ1,IRO1KHAZ0001,29,2930,3
لسرما,سرما آفرین,بورس,بازار دوم بورس,ماشین آلات و تجهیزات,تولید سایر ماشین آلات عمومی,-,Sarma Afarin,IRO1SRMA0003,SRMA,SRMA1,IRO1SRMA0001,29,2919,1
لوتوس,تامین سرمایه لوتوس پارسیان,بورس,بازار دوم بورس,فعالیتهای کمکی به نهادهای مالی واسط,بجز تامین وجوه بیمه و بازنشستگی,-,Lotos Investment,IRO1LTOS0006,LTOS,LTOS1,IRO1LTOS0001,67,6719,3
ما,بیمه ما,بورس,بازار دوم بورس,بیمه وصندوق بازنشستگی به جزتامین اجتماعی,بیمه غیرزندگی,-,Bime Ma Co.,IRO1BVMA0006,BVMA,BVMA1,IRO1BVMA0001,66,6603,1
مبین,مبین انرژی خلیج فارس,بورس,بازار اول (تابلوی فرعی) بورس,عرضه برق، گاز، بخاروآب گرم,تولید،لنتقال و توزیع برق،گاز،بخاروآب گرم,-,Mobin Petr.,IRO1MOBN0000,MOBN,MOBN1,IRO1MOBN0001,40,4011,3
محتشم,نساجی هدیه البرز مشهد,بورس,بازار دوم بورس,منسوجات,تولید و فروش فرش و قالی,-,Nasaji Gift Alborz,IRO1HDYE0004,HDYE,HDYE1,IRO1HDYE0001,17,1722,1
مداران,داده پردازی ایران,بورس,بازار دوم بورس,رایانه و فعالیت های وابسته به آن,سایر فعالیت های رایانه ای,-,DPI,IRO1DADE0006,DADE,DADE1,IRO1DADE0001,72,7200,1
ملت,بیمه ملت,بورس,بازار اول (تابلوی فرعی) بورس,بیمه وصندوق بازنشستگی به جزتامین اجتماعی,بیمه غیرزندگی,-,Mellat Insur.,IRO1BMEL0004,BMEL,BMEL1,IRO1BMEL0001,66,6603,3
مهرگان,گروه مالی مهرگان تامین پارس,بورس,بازار دوم بورس,سرمایه گذاریها,سایر واسطه های مالی,-,Mehrgan Tamin Pars,IRO1MHRN0001,MHRN,MHRN1,IRO1MHRN0001,56,5699,1
میدکو,توسعه معادن وص.معدنی خاورمیانه,بورس,بازار دوم بورس,فلزات اساسی,تولید آهن و فولاد پایه,-,Khavarmianeh Ins.,IRO1MDKO0001,MDKO,MDKO1,IRO1MDKO0001,27,2710,3
نماد,گروه مالی نماد غدیر,بورس,بازار دوم بورس,سرمایه گذاریها,سایر واسطه های مالی,-,Ghadir Investment,IRO1NMAD0004,NMAD,NMAD1,IRO1NMAD0001,56,5699,1
نمرینو,ایران  مرینوس,بورس,بازار دوم بورس,منسوجات,آماده سازی و ریسندگی نخ، پارچه بافی,-,Iranmerinos,IRO1MRIN0000,MRIN,MRIN1,IRO1MRIN0001,17,1711,3
نوری,پتروشیمی نوری,بورس,بازار دوم بورس,محصولات شیمیایی,تولید مواد شیمیایی پایه به جز کود,-,NORI Petrochemical,IRO1NORI0008,NORI,NORI1,IRO1NORI0001,44,4411,1
های وب,داده گسترعصرنوین-های وب,بورس,بازار اول (تابلوی فرعی) بورس,اطلاعات و ارتباطات,خدمات ارزش افزوده,-,S*HiWeb,IRO1HWEB0008,HWEB,HWEB1,IRO1HWEB0001,73,7310,3
همراه,شرکت ارتباطات سیار ایران,بورس,بازار دوم بورس,مخابرات,مخابرات,-,Iran Mobil Tele,IRO1HMRZ0007,HMRZ,HMRZ1,IRO1HMRZ0001,64,6420,1
وآذر,سرمایه گذاری توسعه آذربایجان,بورس,بازار دوم بورس,انبوه سازی، املاک و مستغلات,سایر فعالیت های املاک و مستغلات,-,Azarbayjan Inv.,IRO1TAZB0005,TAZB,TAZB1,IRO1TAZB0001,70,7099,3
وآفری,بیمه کارآفرین,بورس,بازار دوم بورس,بیمه وصندوق بازنشستگی به جزتامین اجتماعی,بیمه غیرزندگی,-,Karafarin Insur.,IRO1KARP0008,KARP,KARP1,IRO1KARP0001,66,6603,1
واتی,سرمایه  گذاری  آتیه  دماوند,بورس,بازار اول (تابلوی اصلی) بورس,سرمایه گذاریها,سایر واسطه های مالی,-,Atye Damavand,IRO1ATDM0008,ATDM,ATDM1,IRO1ATDM0001,56,5699,1
واعتبار,سرمایه گذاری اعتبار ایران,بورس,بازار اول (تابلوی فرعی) بورس,سرمایه گذاریها,سایر واسطه های مالی,-,Iran Motorcycle,IRO1IDOC0007,IDOC,IDOC1,IRO1IDOC0001,56,5699,3
والبر,سرمایه  گذاری  البرز(هلدینگ,بورس,بازار اول (تابلوی اصلی) بورس,مواد و محصولات دارویی,تولید سایر محصولات دارویی,-,S*Alborz Inv.,IRO1ALBZ0003,ALBZ,ALBZ1,IRO1ALBZ0001,43,4399,1
وامید,گروه مدیریت سرمایه گذاری امید,بورس,بازار دوم بورس,شرکتهای چند رشته ای صنعتی,شرکتهای صنعتی چند رشته ای,-,Omid Inv. Mng.,IRO1OIMC0006,OIMC,OIMC1,IRO1OIMC0001,39,3999,1
وایران,لیزینگ ایرانیان,بورس,بازار دوم بورس,سایر واسطه گریهای مالی,لیزینگ مالی,-,Iranian Lizing,IRO1LIRZ0007,LIRZ,LIRZ1,IRO1LIRZ0001,58,5891,1
وبانک,سرمایه گذاری گروه توسعه ملی,بورس,بازار اول (تابلوی اصلی) بورس,شرکتهای چند رشته ای صنعتی,شرکتهای صنعتی چند رشته ای,-,Bank Melli Inv.,IRO1BANK0008,BANK,BANK1,IRO1BANK0001,39,3999,1
وبشهر,توسعه  صنایع  بهشهر(هلدینگ,بورس,بازار اول (تابلوی اصلی) بورس,محصولات غذایی و آشامیدنی به جز قند و شکر,زیر گروه سایر محصولات غذایی,-,S*Behshahr Inv.,IRO1TSBE0000,TSBE,TSBE1,IRO1TSBE0001,42,4299,1
وبصادر,بانک صادرات ایران,بورس,بازار دوم بورس,بانکها و موسسات اعتباری,سایر واسطه های پولی,-,Saderat Bank,IRO1BSDR0003,BSDR,BSDR1,IRO1BSDR0001,57,5719,3
وبملت,بانک ملت,بورس,بازار اول (تابلوی اصلی) بورس,بانکها و موسسات اعتباری,سایر واسطه های پولی,-,S*Mellat Bank,IRO1BMLT0007,BMLT,BMLT1,IRO1BMLT0001,57,5719,1
وبهمن,سرمایه گذاری بهمن,بورس,بازار اول (تابلوی اصلی) بورس,سرمایه گذاریها,سایر واسطه های مالی,-,Bahman Inv.,IRO1SBAH0008,SBAH,SBAH1,IRO1SBAH0001,56,5699,1
وبوعلی,سرمایه گذاری بوعلی,بورس,بازار اول (تابلوی فرعی) بورس,سرمایه گذاریها,سایر واسطه های مالی,-,Buali Inv.,IRO1BALI0004,BALI,BALI1,IRO1BALI0001,56,5699,3
وبیمه,سرمایه  گذاری  صنعت  بیمه,بورس,بازار دوم بورس,سرمایه گذاریها,سایر واسطه های مالی,-,Insurance Inv.,IRO1BIME0009,BIME,BIME1,IRO1BIME0001,56,5699,3
وپارس,بانک پارسیان,بورس,بازار دوم بورس,بانکها و موسسات اعتباری,سایر واسطه های پولی,-,Parsian Bank,IRO1BPAR0009,BPAR,BPAR1,IRO1BPAR0001,57,5719,3
وپاسار,بانک پاسارگاد,بورس,بازار اول (تابلوی اصلی) بورس,بانکها و موسسات اعتباری,سایر واسطه های پولی,-,S*Pasargad Bank,IRO1BPAS0008,BPAS,BPAS1,IRO1BPAS0001,57,5719,1
وپترو,سرمایه گذاری صنایع پتروشیمی,بورس,بازار اول (تابلوی اصلی) بورس,محصولات شیمیایی,تولید محصولات شیمیایی دیگر,-,Petro. Inv.,IRO1PETR0005,PETR,PETR1,IRO1PETR0001,44,4499,1
وپخش,داروپخش  (هلدینگ,بورس,بازار دوم بورس,مواد و محصولات دارویی,تولید سایر محصولات دارویی,-,Daroupakhsh,IRO1DARO0008,DARO,DARO1,IRO1DARO0001,43,4399,1
وپست,پست بانک ایران,بورس,بازار دوم بورس,بانکها و موسسات اعتباری,سایر واسطه های پولی,-,Post Bank,IRO1BPST0007,BPST,BPST1,IRO1BPST0001,57,5719,1
وتجارت,بانک تجارت,بورس,بازار دوم بورس,بانکها و موسسات اعتباری,سایر واسطه های پولی,-,S*Tejarat Bank,IRO1BTEJ0001,BTEJ,BTEJ1,IRO1BTEJ0001,57,5719,1
وتوس,توسعه شهری توس گستر,بورس,بازار دوم بورس,انبوه سازی، املاک و مستغلات,سایر فعالیت های املاک و مستغلات,-,Toosgostar Inv.,IRO1TGOS0003,TGOS,TGOS1,IRO1TGOS0001,70,7099,1
وتوسم,سرمایه گذاری توسعه ملی,بورس,بازار دوم بورس,سرمایه گذاریها,سایر واسطه های مالی,-,Tosee Melli Inv,IRO1TMEL0004,TMEL,TMEL1,IRO1TMEL0001,56,5699,1
وتوشه,سرمایه گذاری پارس  توشه,بورس,بازار اول (تابلوی اصلی) بورس,ماشین آلات و تجهیزات,تولید سایر ماشین آلات و تجهیزات,-,Pars Tousheh,IRO1TSHE0004,TSHE,TSHE1,IRO1TSHE0001,29,2999,1
وتوصا,گروه س توسعه صنعتی ایران,بورس,بازار اول (تابلوی اصلی) بورس,سرمایه گذاریها,سایر واسطه های مالی,-,Iran Ind. Dev.,IRO1TOSA0009,TOSA,TOSA1,IRO1TOSA0001,56,5699,1
وتوکا,سرمایه گذاری توکافولاد(هلدینگ,بورس,بازار اول (تابلوی اصلی) بورس,فلزات اساسی,استخراج سایر فلزات اساسی,-,Tukafoolad Inv.,IRO1TOKA0007,TOKA,TOKA1,IRO1TOKA0001,27,2799,1
وخارزم,سرمایه گذاری خوارزمی,بورس,بازار اول (تابلوی اصلی) بورس,سرمایه گذاریها,سایر واسطه های مالی,-,S*Kharazmy Invest,IRO1IKHR0000,IKHR,IKHR1,IRO1IKHR0001,56,5699,1
وخاور,بانک خاورمیانه,بورس,بازار اول (تابلوی اصلی) بورس,بانکها و موسسات اعتباری,سایر واسطه های پولی,-,Bank of M.E.,IRO1BKHZ0007,BKHZ,BKHZ1,IRO1BKHZ0001,57,5719,1
ورنا,سرمایه گذاری  رنا(هلدینگ,بورس,بازار دوم بورس,خودرو و ساخت قطعات,سایر قطعات یدکی و وسایل نقلیه موتوری,-,Rena Investment,IRO1RENA0008,RENA,RENA1,IRO1RENA0001,34,3499,1
وساپا,سرمایه گذاری  سایپا,بورس,بازار دوم بورس,سرمایه گذاریها,سایر واسطه های مالی,-,S*Saipa Inv.,IRO1SSAP0009,SSAP,SSAP1,IRO1SSAP0001,56,5699,1
وساخت,سرمایه گذاری ساختمان ایران,بورس,بازار اول (تابلوی فرعی) بورس,انبوه سازی، املاک و مستغلات,سایر فعالیت های املاک و مستغلات,-,Iran Const. Inv,IRO1SAKH0007,SAKH,SAKH1,IRO1SAKH0001,70,7099,3
وساربیل,شرکت س استان اردبیل,بورس,بازار دوم بورس,سرمایه گذاریها,سایر واسطه های مالی,-,Ardebil Inv.,IRO1OS030001,OS03,OS031,IRO1OS030001,56,5699,3
وساشرقی,شرکت س استان آذربایجان شرقی,بورس,بازار دوم بورس,سرمایه گذاریها,سایر واسطه های مالی,-,AzarSharghi Inv.,IRO1OS010003,OS01,OS011,IRO1OS010001,56,5699,3
وساغربی,شرکت س استان آذربایجان غربی,بورس,بازار دوم بورس,سرمایه گذاریها,سایر واسطه های مالی,-,AzarbyjnGharbi Inv,IRO1OS020002,OS02,OS021,IRO1OS020001,56,5699,3
وسبوشهر,شرکت س استان بوشهر,بورس,بازار دوم بورس,سرمایه گذاریها,سایر واسطه های مالی,-,Boushehr Inv.,IRO1OS060008,OS06,OS061,IRO1OS060001,56,5699,3
وسپه,سرمایه گذاری  سپه,بورس,بازار اول (تابلوی اصلی) بورس,سرمایه گذاریها,سایر واسطه های مالی,-,Sepah Inv.,IRO1SPAH0002,SPAH,SPAH1,IRO1SPAH0001,56,5699,1
وسخراج,شرکت س استان خراسان جنوبی,بورس,بازار دوم بورس,سرمایه گذاریها,سایر واسطه های مالی,-,KhorasanJonobi Inv,IRO1OS090005,OS09,OS091,IRO1OS090001,56,5699,3
وسخراش,شرکت س استان خراسان شمالی,بورس,بازار دوم بورس,سرمایه گذاریها,سایر واسطه های مالی,-,Khorasan Shomali I,IRO1OS110001,OS11,OS111,IRO1OS110001,56,5699,3
وسخوز,شرکت س استان خوزستان,بورس,بازار دوم بورس,سرمایه گذاریها,سایر واسطه های مالی,-,Khozestan Inv.,IRO1OS120000,OS12,OS121,IRO1OS120001,56,5699,3
وسرضوی,س.سهام عدالت استان خراسان رضوی,بورس,بازار دوم بورس,سرمایه گذاریها,سایر واسطه های مالی,-,KhorasanRazavi Inv,IRO1OS100002,OS10,OS101,IRO1OS100001,56,5699,3
وسزنجان,شرکت س استان زنجان,بورس,بازار دوم بورس,سرمایه گذاریها,سایر واسطه های مالی,-,Zanjan Inv.,IRO1OS130009,OS13,OS131,IRO1OS130001,56,5699,3
وسصفا,شرکت س استان اصفهان,بورس,بازار دوم بورس,سرمایه گذاریها,سایر واسطه های مالی,-,Isfahan Inv.,IRO1OS040000,OS04,OS041,IRO1OS040001,56,5699,3
وسفارس,شرکت س استان فارس,بورس,بازار دوم بورس,سرمایه گذاریها,سایر واسطه های مالی,-,Fars Inv.,IRO1OS160006,OS16,OS161,IRO1OS160001,56,5699,3
وسقم,شرکت س استان قم,بورس,بازار دوم بورس,سرمایه گذاریها,سایر واسطه های مالی,-,Qom Inv.,IRO1OS180004,OS18,OS181,IRO1OS180001,56,5699,3
وسکاب,س.ص.بازنشستگی کارکنان بانکها,بورس,بازار اول (تابلوی فرعی) بورس,سرمایه گذاریها,سایر واسطه های مالی,-,Banks Employees,IRO1SKBV0008,SKBV,SKBV1,IRO1SKBV0001,56,5699,3
وسکرد,شرکت س استان کردستان,بورس,بازار دوم بورس,سرمایه گذاریها,سایر واسطه های مالی,-,Kordestan Inv.,IRO1OS190003,OS19,OS191,IRO1OS190001,56,5699,3
وسکرشا,س.سهام عدالت استان کرمانشاه,بورس,بازار دوم بورس,سرمایه گذاریها,سایر واسطه های مالی,-,Kermanshah Inv.,IRO1OS210009,OS21,OS211,IRO1OS210001,56,5699,3
وسکرمان,س.سهام عدالت استان کرمان,بورس,بازار دوم بورس,سرمایه گذاریها,سایر واسطه های مالی,-,Kerman Inv.,IRO1OS200000,OS20,OS201,IRO1OS200001,56,5699,3
وسکهبو,س.عدالت ا. کهگیلویه وبویراحمد,بورس,بازار دوم بورس,سرمایه گذاریها,سایر واسطه های مالی,-,Kohgiloyeh Inv.,IRO1OS220008,OS22,OS221,IRO1OS220001,56,5699,3
وسگلستا,شرکت س استان گلستان,بورس,بازار دوم بورس,سرمایه گذاریها,سایر واسطه های مالی,-,Golestan Inv.,IRO1OS230007,OS23,OS231,IRO1OS230001,56,5699,3
وسگیلا,شرکت س استان گیلان,بورس,بازار دوم بورس,سرمایه گذاریها,سایر واسطه های مالی,-,Gilan Inv.,IRO1OS240006,OS24,OS241,IRO1OS240001,56,5699,3
وسلرستا,شرکت س استان لرستان,بورس,بازار دوم بورس,سرمایه گذاریها,سایر واسطه های مالی,-,Lorestan Inv.,IRO1OS250005,OS25,OS251,IRO1OS250001,56,5699,3
وسمازن,س.سهام عدالت استان مازندران,بورس,بازار دوم بورس,سرمایه گذاریها,سایر واسطه های مالی,-,Mazandaran Inv.,IRO1OS260004,OS26,OS261,IRO1OS260001,56,5699,3
وسمرکز,شرکت س استان مرکزی,بورس,بازار دوم بورس,سرمایه گذاریها,سایر واسطه های مالی,-,Markazi Inv.,IRO1OS270003,OS27,OS271,IRO1OS270001,56,5699,3
وسهرمز,شرکت س استان هرمزگان,بورس,بازار دوم بورس,سرمایه گذاریها,سایر واسطه های مالی,-,Hormozgan Inv.,IRO1OS280002,OS28,OS281,IRO1OS280001,56,5699,3
وسهمدا,شرکت س استان همدان,بورس,بازار دوم بورس,سرمایه گذاریها,سایر واسطه های مالی,-,Hamedan Inv.,IRO1OS290001,OS29,OS291,IRO1OS290001,56,5699,3
وسیزد,شرکت س استان یزد,بورس,بازار دوم بورس,سرمایه گذاریها,سایر واسطه های مالی,-,Yazd Inv.,IRO1OS300008,OS30,OS301,IRO1OS300001,56,5699,3
وسیستا,شرکت س استان سیستان وبلوچستان,بورس,بازار دوم بورس,سرمایه گذاریها,سایر واسطه های مالی,-,Sistan Inv.,IRO1OS150007,OS15,OS151,IRO1OS150001,56,5699,3
وسیلام,شرکت س استان ایلام,بورس,بازار دوم بورس,سرمایه گذاریها,سایر واسطه های مالی,-,Ilam Inv.,IRO1OS050009,OS05,OS051,IRO1OS050001,56,5699,3
وسینا,بانک سینا,بورس,بازار اول (تابلوی اصلی) بورس,بانکها و موسسات اعتباری,سایر واسطه های پولی,-,Sina Fin. Ins.,IRO1VSIN0008,VSIN,VSIN1,IRO1VSIN0001,57,5719,1
وصنا,گروه صنایع بهشهرایران,بورس,بازار اول (تابلوی فرعی) بورس,سرمایه گذاریها,سایر واسطه های مالی,-,Behshahr Group,IRO1GBEH0008,GBEH,GBEH1,IRO1GBEH0001,56,5699,3
وصندوق,سرمایه گذاری صندوق بازنشستگی,بورس,بازار اول (تابلوی فرعی) بورس,شرکتهای چند رشته ای صنعتی,شرکتهای صنعتی چند رشته ای,-,Pension Fund,IRO1SAND0008,SAND,SAND1,IRO1SAND0001,39,3999,3
وصنعت,سرمایه گذاری توسعه صنعت وتجارت,بورس,بازار اول (تابلوی فرعی) بورس,سرمایه گذاریها,سایر واسطه های مالی,-,Ind. & Mine Inv,IRO1SNMA0007,SNMA,SNMA1,IRO1SNMA0001,56,5699,3
وغدیر,سرمایه گذاری غدیر(هلدینگ,بورس,بازار اول (تابلوی اصلی) بورس,شرکتهای چند رشته ای صنعتی,شرکتهای صنعتی چند رشته ای,-,Ghadir Inv.,IRO1GDIR0000,GDIR,GDIR1,IRO1GDIR0001,39,3999,1
وفیروزه,گروه توسعه مالی فیروزه,بورس,-,سرمایه گذاریها,سایر واسطه های مالی,-,Firouzeh Group,IRO1VFRZ0008,VFRZ,VFRZ1,IRO1VFRZ0001,56,5699,1
وکار,بانک  کارآفرین,بورس,بازار اول (تابلوی اصلی) بورس,بانکها و موسسات اعتباری,سایر واسطه های پولی,-,Karafarin Bank,IRO1KRAF0000,KRAF,KRAF1,IRO1KRAF0001,57,5719,1
وکغدیر,بین المللی توسعه ص. معادن غدیر,بورس,بازار دوم بورس,شرکتهای چند رشته ای صنعتی,شرکتهای صنعتی چند رشته ای,-,INT Ghadir mine,IRO1TMGD0002,TMGD,TMGD1,IRO1TMGD0001,39,3999,1
ولپارس,لیزینگ پارسیان,بورس,بازار دوم بورس,سایر واسطه گریهای مالی,لیزینگ مالی,-,Parsian leasing,IRO1LPRS0007,LPRS,LPRS1,IRO1LPRS0001,58,5891,3
ولساپا,لیزینگ رایان  سایپا,بورس,بازار دوم بورس,سایر واسطه گریهای مالی,لیزینگ مالی,-,S*Rayan Saipa,IRO1RSAP0000,RSAP,RSAP1,IRO1RSAP0001,58,5891,1
ولصنم,لیزینگ صنعت ومعدن,بورس,بازار دوم بورس,سایر واسطه گریهای مالی,لیزینگ مالی,-,Ind. & M. L.,IRO1LSMD0006,LSMD,LSMD1,IRO1LSMD0001,58,5891,3
ولغدر,لیزینگ خودروغدیر,بورس,بازار دوم بورس,سایر واسطه گریهای مالی,لیزینگ مالی,-,Ghadir Kh. L.,IRO1LKGH0008,LKGH,LKGH1,IRO1LKGH0001,58,5891,1
ولکار,لیزینگ کارآفرین,بورس,بازار دوم بورس,سایر واسطه گریهای مالی,لیزینگ مالی,-,Kar Af. Leasing,IRO1LKAR0002,LKAR,LKAR1,IRO1LKAR0001,58,5891,1
ولملت,واسپاری ملت,بورس,بازار دوم بورس,سایر واسطه گریهای مالی,لیزینگ مالی,-,Mellat Leasing,IRO1VLMT0003,VLMT,VLMT1,IRO1VLMT0001,58,5891,1
ولنوین,لیزینگ اقتصاد نوین,بورس,بازار دوم بورس,سایر واسطه گریهای مالی,لیزینگ مالی,-,E. Novin Leasing,IRO1VALE0004,VALE,VALE1,IRO1VALE0001,58,5891,1
ومدیر,گ.مدیریت ارزش سرمایه ص ب کشوری,بورس,بازار اول (تابلوی فرعی) بورس,سرمایه گذاریها,سایر واسطه های مالی,-,M Sandogh B,IRO1VMDR0005,VMDR,VMDR1,IRO1VMDR0001,56,5699,3
ومعادن,توسعه معادن وفلزات,بورس,بازار اول (تابلوی اصلی) بورس,استخراج کانه های فلزی,استخراج سایر کانه های فلزی,-,S*Metals & Min.,IRO1MADN0004,MADN,MADN1,IRO1MADN0001,13,1399,1
وملی,گروه  صنعتی  ملی  (هلدینگ,بورس,بازار اول (تابلوی فرعی) بورس,دباغی، پرداخت چرم و ساخت انواع پاپوش,سایر محصولات چرمی,-,Melli Ind. Grp.,IRO1GMEL0009,GMEL,GMEL1,IRO1GMEL0001,19,1999,3
ومهان,گروه توسعه مالی مهرآیندگان,بورس,بازار دوم بورس,سرمایه گذاریها,سایر واسطه های مالی,-,Mehr Ayandegan,IRO1MEAZ0009,MEAZ,MEAZ1,IRO1MEAZ0001,56,5699,1
ونفت,سرمایه گذاری صنعت نفت,بورس,بازار اول (تابلوی فرعی) بورس,فراورده های نفتی، کک و سوخت هسته ای,سایر فراورده های نفتی و سوختی,-,Oil Ind. Inv.,IRO1NAFT0005,NAFT,NAFT1,IRO1NAFT0001,23,2399,3
ونوین,بانک اقتصادنوین,بورس,بازار دوم بورس,بانکها و موسسات اعتباری,سایر واسطه های پولی,-,S*EN Bank,IRO1NOVN0005,NOVN,NOVN1,IRO1NOVN0001,57,5719,1
ونیرو,سرمایه گذاری نیرو,بورس,بازار اول (تابلوی فرعی) بورس,عرضه برق، گاز، بخاروآب گرم,تولید انتقال و توزیع نیروی برق,-,Nirou Inv.,IRO1SNRO0006,SNRO,SNRO1,IRO1SNRO0001,40,4010,3
ونیکی,سرمایه گذاری  ملی ایران,بورس,بازار اول (تابلوی فرعی) بورس,شرکتهای چند رشته ای صنعتی,شرکتهای صنعتی چند رشته ای,-,Iran N. Inv.,IRO1NIKI0003,NIKI,NIKI1,IRO1NIKI0001,39,3999,3
آ س پ,آ.س.پ,فرابورس,بازار دوم فرابورس,انبوه سازی، املاک و مستغلات,پیمانکاری املاک و مستغلات,-,A.S.P CO,IRO3ASPZ0008,ASPZ,ASPZ1,IRO3ASPZ0001,70,7021,3
آردینه,نشاسته و گلوکز آردینه,فرابورس,بازار دوم فرابورس,محصولات غذایی و آشامیدنی به جز قند و شکر,تولید نشاسته و محصولات وابسته,-,Ardineh StarchGlu,IRO3ARDZ0003,ARDZ,ARDZ1,IRO3ARDZ0001,42,4232,3
آریا,پلیمر آریا ساسول,فرابورس,بازار دوم فرابورس,محصولات شیمیایی,تولید مواد شیمیایی پایه به جز کود,-,Arya Sasol Polymer,IRO3APOZ0002,APOZ,APOZ1,IRO3APOZ0001,44,4411,3
آریان,سرمایه گذاری پارس آریان,فرابورس,بازار دوم فرابورس,سرمایه گذاریها,سایر واسطه های مالی,-,Pars Arian Inv,IRO3PAIP0002,PAIP,PAIP1,IRO3PAIP0001,56,5699,3
اپرداز,آتیه داده پرداز,فرابورس,بازار دوم فرابورس,اطلاعات و ارتباطات,خدمات ارزش افزوده,-,Atieh Dade Pardaz,IRO3APDZ0005,APDZ,APDZ1,IRO3APDZ0001,73,7310,3
اتکاسا,بیمه اتکایی سامان,فرابورس,بازار دوم فرابورس,بیمه وصندوق بازنشستگی به جزتامین اجتماعی,بیمه غیرزندگی,-,Saman Reinsurance,IRO3SREP0004,SREP,SREP1,IRO3SREP0001,66,6603,3
اتکای,بیمه اتکایی ایرانیان,فرابورس,بازار دوم فرابورس,بیمه وصندوق بازنشستگی به جزتامین اجتماعی,بیمه غیرزندگی,-,S*Iranian Etekai,IRO3ETKZ0008,ETKZ,ETKZ1,IRO3ETKZ0001,66,6603,3
اخشان,اخشان خراسان,فرابورس,بازار دوم فرابورس,زراعت و خدمات وابسته,کشاورزی، دامپروری و خدمات وابسته,-,AKHSHAN,IRO3AKHZ0006,AKHZ,AKHZ1,IRO3AKHZ0001,01,121,3
ارفع,شرکت آهن و فولاد ارفع,فرابورس,بازار دوم فرابورس,فلزات اساسی,تولید آهن و فولاد پایه,-,S*Arfa Steel Co.,IRO3ARFZ0001,ARFZ,ARFZ1,IRO3ARFZ0001,27,2710,3
اعتلا,شرکت سرمایه گذاری اعتلاء البرز,فرابورس,بازار دوم فرابورس,سرمایه گذاریها,سایر واسطه های مالی,-,Alborz Invest.,IRO3ETLZ0007,ETLZ,ETLZ1,IRO3ETLZ0001,56,5699,3
افرا,افرانت,فرابورس,بازار اول فرابورس,رایانه و فعالیت های وابسته به آن,سایر فعالیت های رایانه ای,-,Afra Net Co.,IRO3AFRZ0001,AFRZ,AFRZ1,IRO3AFRZ0001,72,7200,1
الکتروماد,صنایع الکترونیک مادیران,فرابورس,بازار دوم فرابورس,ماشین آلات و تجهیزات,تولید وسایل خانگی,-,MaadiranElec.Ind.,IRO3MAAZ0001,MAAZ,MAAZ1,IRO3MAAZ0001,29,2930,3
انتخاب,صنعتی انتخاب الکترونیک آرمان,فرابورس,بازار اول فرابورس,ماشین آلات و تجهیزات,تولید وسایل خانگی,-,Entekhab Elect.,IRO3EELZ0004,EELZ,EELZ1,IRO3EELZ0001,29,2930,1
اوان,مبین وان کیش,فرابورس,بازار دوم فرابورس,اطلاعات و ارتباطات,خدمات ارزش افزوده,-,Mobin One Kish,IRO3MOBZ0004,MOBZ,MOBZ1,IRO3MOBZ0001,73,7310,3
بالاس,مهندسی ساختمان تاسیسات راه آهن,فرابورس,بازار دوم فرابورس,پیمانکاری صنعتی,ساختمان و مهندسی عمران,-,Const and Rail,IRO3BLSZ0001,BLSZ,BLSZ1,IRO3BLSZ0001,45,4520,3
بانیان,نیان باتری خاوران,فرابورس,بازار دوم فرابورس,ماشین آلات و دستگاه های برقی,تولید انباره، پیل و باتری ساده,-,Nian Battery,IRO3NIAN0006,NIAN,NIAN1,IRO3NIAN0001,31,3140,3
بپاس,بیمه پاسارگاد,فرابورس,بازار دوم فرابورس,بیمه وصندوق بازنشستگی به جزتامین اجتماعی,فعالیتهای مالی و اجرائی,-,S*Pasargad Insur.,IRO3BIPZ0009,BIPZ,BIPZ1,IRO3BIPZ0001,66,6611,3
بپیوند,برق و انرژی پیوندگستر پارس,فرابورس,بازار اول فرابورس,عرضه برق، گاز، بخاروآب گرم,تولید انتقال و توزیع نیروی برق,-,Peyvand Gostar,IRO3PGRZ0003,PGRZ,PGRZ1,IRO3PGRZ0001,40,4010,1
بتهران,بیمه اتکایی تهران رواک,فرابورس,بازار دوم فرابورس,بیمه وصندوق بازنشستگی به جزتامین اجتماعی,بیمه غیرزندگی,-,Tehran Reinsurance,IRO3THRP0000,THRP,THRP1,IRO3THRP0001,66,6603,3
بجهرم,توسعه مولد نیروگاهی جهرم,فرابورس,بازار دوم فرابورس,عرضه برق، گاز، بخاروآب گرم,تولید انتقال و توزیع نیروی برق,-,Jahrom Power Plant,IRO3JPPZ0002,JPPZ,JPPZ1,IRO3JPPZ0001,40,4010,3
بخاور,بیمه زندگی خاورمیانه,فرابورس,بازار دوم فرابورس,بیمه وصندوق بازنشستگی به جزتامین اجتماعی,بیمه زندگی,-,MiddleEast LifeINS,IRO3MLIZ0000,MLIZ,MLIZ1,IRO3MLIZ0001,66,6601,3
بزاگرس,نیروگاه زاگرس کوثر,فرابورس,بازار دوم فرابورس,عرضه برق، گاز، بخاروآب گرم,تولید انتقال و توزیع نیروی برق,-,Zagros Kosar Power,IRO3ZKPZ0007,ZKPZ,ZKPZ1,IRO3ZKPZ0001,40,4010,3
بساما,بیمه سامان,فرابورس,بازار دوم فرابورس,بیمه وصندوق بازنشستگی به جزتامین اجتماعی,فعالیتهای مالی و اجرائی,-,Bime Saman Co.,IRO3BSMZ0000,BSMZ,BSMZ1,IRO3BSMZ0001,66,6611,3
بکابل,سیم و کابل ابهر,فرابورس,بازار دوم فرابورس,ماشین آلات و دستگاه های برقی,تولید سیم و کابل عایق,-,Abhar Cable,IRO3ABCZ0002,ABCZ,ABCZ1,IRO3ABCZ0001,31,3130,3
بگیلان,توسعه مسیر برق گیلان,فرابورس,بازار دوم فرابورس,عرضه برق، گاز، بخاروآب گرم,تولید انتقال و توزیع نیروی برق,-,Gilan Elec. Dev.,IRO3GEDZ0002,GEDZ,GEDZ1,IRO3GEDZ0001,40,4010,3
بمپنا,تولید برق عسلویه مپنا,فرابورس,بازار دوم فرابورس,عرضه برق، گاز، بخاروآب گرم,تولید انتقال و توزیع نیروی برق,-,Bargh Mapna Co.,IRO3BMAZ0000,BMAZ,BMAZ1,IRO3BMAZ0001,40,4010,3
بمولد,مولد نیروگاهی تجارت فارس,فرابورس,بازار دوم فرابورس,عرضه برق، گاز، بخاروآب گرم,تولید انتقال و توزیع نیروی برق,-,Fars Tejarat Plant,IRO3FTJZ0000,FTJZ,FTJZ1,IRO3FTJZ0001,40,4010,3
بنو,بیمه تجارت نو,فرابورس,بازار دوم فرابورس,بیمه وصندوق بازنشستگی به جزتامین اجتماعی,فعالیتهای مالی و اجرائی,-,Tejarat-No Ins.,IRO3TNIZ0001,TNIZ,TNIZ1,IRO3TNIZ0001,66,6611,3
بهپاک,صنعتی بهپاک,فرابورس,بازار دوم فرابورس,محصولات غذایی و آشامیدنی به جز قند و شکر,تولید روغن های حیوانی و نباتی,-,Behpak Co.,IRO3BHPZ0000,BHPZ,BHPZ1,IRO3BHPZ0001,42,4214,3
بیوتیک,آنتی بیوتیک سازی ایران,فرابورس,بازار دوم فرابورس,مواد و محصولات دارویی,تولید داروهای شیمیایی و گیاهی,-,IranAntibiotic MFG,IRO3IAMZ0003,IAMZ,IAMZ1,IRO3IAMZ0001,43,4323,3
پارتا,مجتمع صنعتی آرتاویل تایر,فرابورس,بازار دوم فرابورس,لاستیک و پلاستیک,تولید تایر و بازسازی تایرهای لاستیکی,-,Artavil Tire,IRO3ARTZ0005,ARTZ,ARTZ1,IRO3ARTZ0001,25,2511,3
پاریز,پاریز شرق,فرابورس,-,انبوه سازی، املاک و مستغلات,املاک و مستغلات با ملک خود یا لیزینگ شده,-,Pariz Shargh,IRO3PRIZ0001,PRIZ,PRIZ1,IRO3PRIZ0001,70,7010,3
پتوسعه,سرمایه گذاری صنایع لاستیک,فرابورس,بازار دوم فرابورس,لاستیک و پلاستیک,تولید سایر محصولات لاستیکی,-,Rubber Industry,IRO3SBAZ0004,SBAZ,SBAZ1,IRO3SBAZ0001,25,2519,3
پخش,پخش البرز,فرابورس,بازار دوم فرابورس,مواد و محصولات دارویی,تولید سایر محصولات دارویی,-,Pakhsh Alborz,IRO3PKSH0008,PKSH,PKSH1,IRO3PKSH0001,43,4399,3
پلاست,کارخانجات تولیدی پلاستیران,فرابورس,بازار دوم فرابورس,لاستیک و پلاستیک,تولید محصولات پلاستیکی,-,Plastiran,IRO3PLSP0007,PLSP,PLSP1,IRO3PLSP0001,25,2520,3
پیزد,مجتمع صنایع لاستیک یزد,فرابورس,بازار دوم فرابورس,لاستیک و پلاستیک,تولید تایر و بازسازی تایرهای لاستیکی,-,Yazd Tire,IRO3YZTZ0007,YZTZ,YZTZ1,IRO3YZTZ0001,25,2511,3
تاپکیش,تجارت الکترونیک پارسیان کیش,فرابورس,بازار دوم فرابورس,رایانه و فعالیت های وابسته به آن,سایر فعالیت های رایانه ای,-,Kish Parsian E-COM,IRO3KPEZ0002,KPEZ,KPEZ1,IRO3KPEZ0001,72,7200,3
تبرک,گروه کارخانجات صنعتی تبرک,فرابورس,بازار دوم فرابورس,محصولات غذایی و آشامیدنی به جز قند و شکر,تولید سایر محصولات غذایی,-,Tabarok Ind. Group,IRO3TIGZ0000,TIGZ,TIGZ1,IRO3TIGZ0001,42,4249,3
تپسی,پیشگامان فن آوری و دانش آرامیس,فرابورس,بازار دوم فرابورس,رایانه و فعالیت های وابسته به آن,مشاوره و تهیه نرم افزار,-,Tapsi,IRO3TASZ0004,TASZ,TASZ1,IRO3TASZ0001,72,7220,3
تجلی,تجلی توسعه معادن و فلزات,فرابورس,بازار دوم فرابورس,استخراج کانه های فلزی,استخراج سایر کانه های فلزی,-,TajaliMines&Metals,IRO3TMMZ0006,TMMZ,TMMZ1,IRO3TMMZ0001,13,1399,3
تفارس,تامین سرمایه خلیج فارس,فرابورس,بازار دوم فرابورس,فعالیتهای کمکی به نهادهای مالی واسط,بجز تامین وجوه بیمه و بازنشستگی,-,Persian Golf Inv.,IRO3PGOP0008,PGOP,PGOP1,IRO3PGOP0001,67,6719,3
تکیمیا,تامین سرمایه کیمیا,فرابورس,بازار دوم فرابورس,فعالیتهای کمکی به نهادهای مالی واسط,بجز تامین وجوه بیمه و بازنشستگی,-,Kimiya Investment,IRO3KYIZ0007,KYIZ,KYIZ1,IRO3KYIZ0001,67,6719,3
تلیسه,دامداری تلیسه نمونه,فرابورس,بازار اول فرابورس,زراعت و خدمات وابسته,کشاورزی و خدمات دامپروری جز دامپزشکی,-,Talise Company,IRO3TLIZ0003,TLIZ,TLIZ1,IRO3TLIZ0001,01,140,1
تماوند,تامین سرمایه دماوند,فرابورس,بازار دوم فرابورس,فعالیتهای کمکی به نهادهای مالی واسط,بجز تامین وجوه بیمه و بازنشستگی,-,Damavand Inv. Bank,IRO3DIBZ0003,DIBZ,DIBZ1,IRO3DIBZ0001,67,6719,3
توریل,توکاریل,فرابورس,بازار دوم فرابورس,حمل ونقل، انبارداری و ارتباطات,حمل و نقل از طریق خطوط راه آهن,-,Toucaril Co.,IRO3TORZ0009,TORZ,TORZ1,IRO3TORZ0001,60,6010,3
توسن,توسعه سامانه ی نرم افزاری نگین,فرابورس,بازار اول فرابورس,رایانه و فعالیت های وابسته به آن,مشاوره و تهیه نرم افزار,-,TOSAN,IRO3TOSZ0008,TOSZ,TOSZ1,IRO3TOSZ0001,72,7220,1
ثالوند,سرمایه گذاری مسکن الوند,فرابورس,بازار اول فرابورس,انبوه سازی، املاک و مستغلات,املاک و مستغلات با ملک خود یا لیزینگ شده,-,Alvand Housing Inv,IRO3SLVZ0007,SLVZ,SLVZ1,IRO3SLVZ0001,70,7010,1
ثباغ,شهرسازی و خانه سازی باغمیشه,فرابورس,بازار اول فرابورس,انبوه سازی، املاک و مستغلات,املاک و مستغلات با ملک خود یا لیزینگ شده,-,Baghmishe,IRO3BGHZ0001,BGHZ,BGHZ1,IRO3BGHZ0001,70,7010,1
ثپردیس,سرمایه گذاری مسکن پردیس,فرابورس,بازار اول فرابورس,انبوه سازی، املاک و مستغلات,املاک و مستغلات با ملک خود یا لیزینگ شده,-,Maskan Pardis,IRO3MPRZ0005,MPRZ,MPRZ1,IRO3MPRZ0001,70,7010,1
ثتران,سرمایه گذاری مسکن تهران,فرابورس,بازار دوم فرابورس,انبوه سازی، املاک و مستغلات,املاک و مستغلات با ملک خود یا لیزینگ شده,-,Maskan Invest.,IRO3PMTZ0003,PMTZ,PMTZ1,IRO3PMTZ0001,70,7010,3
ثجنوب,سرمایه گذاری مسکن جنوب,فرابورس,بازار دوم فرابورس,انبوه سازی، املاک و مستغلات,املاک و مستغلات با ملک خود یا لیزینگ شده,-,Maskan Jonoob,IRO3MSJZ0002,MSJZ,MSJZ1,IRO3MSJZ0001,70,7010,3
ثرود,سرمایه گذاری مسکن زاینده رود,فرابورس,بازار اول فرابورس,انبوه سازی، املاک و مستغلات,املاک و مستغلات با ملک خود یا لیزینگ شده,-,Zayandeh Maskan,IRO3ZNDZ0008,ZNDZ,ZNDZ1,IRO3ZNDZ0001,70,7010,1
ثعمرا,شرکت عمران و توسعه شاهد,فرابورس,بازار دوم فرابورس,انبوه سازی، املاک و مستغلات,املاک و مستغلات با ملک خود یا لیزینگ شده,-,Shahed Development,IRO3OSHZ0002,OSHZ,OSHZ1,IRO3OSHZ0001,70,7010,3
ثغرب,شرکت سرمایه گذاری مسکن شمالغرب,فرابورس,بازار اول فرابورس,انبوه سازی، املاک و مستغلات,املاک و مستغلات با ملک خود یا لیزینگ شده,-,Shomal Gharb Co,IRO3CGRZ0008,CGRZ,CGRZ1,IRO3CGRZ0001,70,7010,1
چخزر,صنایع چوب خزر کاسپین,فرابورس,بازار اول فرابورس,محصولات چوبی,تولید تخته چند لا و سایر تخته ها,-,Caspian Wood,IRO3CAWZ0007,CAWZ,CAWZ1,IRO3CAWZ0001,20,2021,1
حآسا,آسیا سیر ارس,فرابورس,بازار اول فرابورس,حمل ونقل، انبارداری و ارتباطات,حمل و نقل از طریق خطوط راه آهن,-,Asia Seir Aras,IRO3ASAZ0005,ASAZ,ASAZ1,IRO3ASAZ0001,60,6010,1
حآفرین,ریل پرداز نو آفرین,فرابورس,بازار دوم فرابورس,حمل ونقل، انبارداری و ارتباطات,حمل و نقل از طریق خطوط راه آهن,-,Rail Pardaz,IRO3RPAZ0009,RPAZ,RPAZ1,IRO3RPAZ0001,60,6010,3
حپارسا,توسعه حمل و نقل ریلی پارسیان,فرابورس,بازار اول فرابورس,حمل ونقل، انبارداری و ارتباطات,حمل و نقل از طریق خطوط راه آهن,-,Parsian Oil&Gas,IRO3HPRZ0002,HPRZ,HPRZ1,IRO3HPRZ0001,60,6010,1
حپرتو,پرتو بار فرابر خلیج فارس,فرابورس,بازار دوم فرابورس,حمل ونقل، انبارداری و ارتباطات,حمل و نقل از طریق خطوط راه آهن,-,FarabarPersianGulf,IRO3PBFZ0002,PBFZ,PBFZ1,IRO3PBFZ0001,60,6010,3
حخزر,کشتیرانی دریای خزر,فرابورس,بازار دوم فرابورس,حمل و نقل آبی,حمل و نقل دریایی وحمل ونقل درآبهای ساحلی,-,Khazar Shipping,IRO3KHZZ0007,KHZZ,KHZZ1,IRO3KHZZ0001,61,6110,3
حریل,ریل پردازسیر,فرابورس,بازار دوم فرابورس,حمل ونقل، انبارداری و ارتباطات,حمل و نقل از طریق خطوط راه آهن,-,Reyl Pardazseir,IRO3HRLZ0006,HRLZ,HRLZ1,IRO3HRLZ0001,60,6010,3
حسیر,ریل سیر کوثر,فرابورس,بازار دوم فرابورس,حمل ونقل، انبارداری و ارتباطات,حمل و نقل از طریق خطوط راه آهن,-,Rail Sair Kosar,IRO3RSKZ0004,RSKZ,RSKZ1,IRO3RSKZ0001,60,6010,3
حسینا,توسعه خدمات دریایی وبندری سینا,فرابورس,بازار اول فرابورس,حمل ونقل، انبارداری و ارتباطات,خدمات حمل و نقل دریایی,-,Sina Marine srv,IRO3SMBZ0000,SMBZ,SMBZ1,IRO3SMBZ0001,60,6003,1
حگهر,حمل و نقل گهرترابر سیرجان,فرابورس,بازار دوم فرابورس,حمل ونقل، انبارداری و ارتباطات,حمل و نقل از طریق خطوط راه آهن,-,Gohar Tarabar,IRO3GTTZ0007,GTTZ,GTTZ1,IRO3GTTZ0001,60,6010,3
خاور,ایران خودرو دیزل,فرابورس,بازار دوم فرابورس,خودرو و ساخت قطعات,تولید وسایل نقلیه موتوری,-,IranKhodro Diesel,IRO3IKDP0004,IKDP,IKDP1,IRO3IKDP0001,34,3410,3
خبرنا,تولیدی برنا باطری,فرابورس,بازار دوم فرابورس,خودرو و ساخت قطعات,قطعات یدکی و جانبی وسایل نقلیه موتوری,-,Borna Battery,IRO3BRNZ0000,BRNZ,BRNZ1,IRO3BRNZ0001,34,3430,3
خدیزل,بهمن دیزل,فرابورس,بازار دوم فرابورس,خودرو و ساخت قطعات,تولید وسایل نقلیه موتوری,-,S*Bahman Dizel Co,IRO3DZLZ0000,DZLZ,DZLZ1,IRO3DZLZ0001,34,3410,3
خکرمان,سرمایه گذاری آرمان گستر پاریز,فرابورس,بازار دوم فرابورس,خودرو و ساخت قطعات,تولید وسایل نقلیه موتوری,-,Arman Gostar Pariz,IRO3KKHP0006,KKHP,KKHP1,IRO3KKHP0001,34,3410,3
خنور,نورایستا پلاستیک,فرابورس,بازار دوم فرابورس,خودرو و ساخت قطعات,قطعات یدکی و جانبی وسایل نقلیه موتوری,-,NIPCO,IRO3NIPZ0005,NIPZ,NIPZ1,IRO3NIPZ0001,34,3430,3
خیمن,ایمن خودرو شرق,فرابورس,بازار دوم فرابورس,خودرو و ساخت قطعات,قطعات یدکی و جانبی وسایل نقلیه موتوری,-,Imen Khodro Shargh,IRO3IKSZ0005,IKSZ,IKSZ1,IRO3IKSZ0001,34,3430,3
داوه,داروسازی آوه سینا,فرابورس,بازار اول فرابورس,مواد و محصولات دارویی,تولید داروهای شیمیایی و گیاهی,-,Avicenna Labs.,IRO3AVLZ0007,AVLZ,AVLZ1,IRO3AVLZ0001,43,4323,1
دبالک,مواد اولیه دارویی البرز بالک,فرابورس,بازار اول فرابورس,مواد و محصولات دارویی,تولید داروهای شیمیایی و گیاهی,-,Alborz Bulk Co.,IRO3BLKZ0009,BLKZ,BLKZ1,IRO3BLKZ0001,43,4323,1
دتوزیع,توزیع دارو پخش,فرابورس,بازار دوم فرابورس,مواد و محصولات دارویی,تولید سایر محصولات دارویی,-,Daroupakhsh Distr.,IRO3DPDZ0002,DPDZ,DPDZ1,IRO3DPDZ0001,43,4399,3
دتولید,داروسازی تولید دارو,فرابورس,بازار اول فرابورس,مواد و محصولات دارویی,تولید داروهای شیمیایی و گیاهی,-,Tolid Daroo,IRO3DTDZ0008,DTDZ,DTDZ1,IRO3DTDZ0001,43,4323,1
ددانا,داروسازی دانا,فرابورس,بازار اول فرابورس,مواد و محصولات دارویی,تولید داروهای شیمیایی و گیاهی,-,Daana Pharma Co,IRO3DPHZ0008,DPHZ,DPHZ1,IRO3DPHZ0001,43,4323,1
درازی,پخش رازی,فرابورس,بازار دوم فرابورس,مواد و محصولات دارویی,تولید سایر محصولات دارویی,-,Pakhsh Razi,IRO3PSRZ0009,PSRZ,PSRZ1,IRO3PSRZ0001,43,4399,3
درپاد,گروه صنعتی درپاد تبریز,فرابورس,بازار دوم فرابورس,فلزات اساسی,تولید آهن و فولاد پایه,-,Dorpad Tabriz Ind,IRO3SDPT0003,SDPT,SDPT1,IRO3SDPT0001,27,2710,3
درهآور,دارویی ره آورد تامین,فرابورس,بازار اول فرابورس,مواد و محصولات دارویی,تولید سایر محصولات دارویی,-,Rahavard PHARMA,IRO3RAPZ0009,RAPZ,RAPZ1,IRO3RAPZ0001,43,4399,1
دزاگرس,دارویی زاگرس دارو پارسیان,فرابورس,بازار دوم فرابورس,مواد و محصولات دارویی,تولید داروهای شیمیایی و گیاهی,-,Zagros Darou,IRO3ZGDZ0007,ZGDZ,ZGDZ1,IRO3ZGDZ0001,43,4323,3
دسانکو,داروسازی سبحان انکولوژی,فرابورس,بازار دوم فرابورس,مواد و محصولات دارویی,تولید داروهای شیمیایی و گیاهی,-,Ankolojy Sobhan,IRO3DSNZ0007,DSNZ,DSNZ1,IRO3DSNZ0001,43,4323,3
دقاضی,داروسازی شهید قاضی,فرابورس,بازار دوم فرابورس,مواد و محصولات دارویی,تولید داروهای شیمیایی و گیاهی,-,Sh. Ghazi Pharmacy,IRO3GPHP0007,GPHP,GPHP1,IRO3GPHP0001,43,4323,3
دکپسول,تولید ژلاتین کپسول ایران,فرابورس,بازار اول فرابورس,مواد و محصولات دارویی,تولید سایر محصولات دارویی,-,Iran Gel.Capsule,IRO3IGCZ0009,IGCZ,IGCZ1,IRO3IGCZ0001,43,4399,1
دماوند,تولید نیروی برق دماوند,فرابورس,بازار دوم فرابورس,عرضه برق، گاز، بخاروآب گرم,تولید انتقال و توزیع نیروی برق,-,Damavand Co.,IRO3BDMZ0007,BDMZ,BDMZ1,IRO3BDMZ0001,40,4010,3
ذرت,زرین ذرت شاهرود,فرابورس,-,محصولات غذایی و آشامیدنی به جز قند و شکر,تولید نشاسته و محصولات وابسته,-,Zarin Zorat,IRO3ZRTZ0006,ZRTZ,ZRTZ1,IRO3ZRTZ0001,42,4232,3
رافزا,رایان هم افزا,فرابورس,بازار دوم فرابورس,رایانه و فعالیت های وابسته به آن,مشاوره و تهیه نرم افزار,-,Rayan Hamafza,IRO3RYHZ0001,RYHZ,RYHZ1,IRO3RYHZ0001,72,7220,3
رانیز,رینگ اسپرت نور نی ریز,فرابورس,بازار دوم فرابورس,خودرو و ساخت قطعات,قطعات یدکی و جانبی وسایل نقلیه موتوری,-,Noor Neyriz Wheel,IRO3NEYZ0008,NEYZ,NEYZ1,IRO3NEYZ0001,34,3430,3
رنیک,جنرال مکانیک,فرابورس,بازار دوم فرابورس,خدمات فنی و مهندسی,فعالیتهای ساختمانی و مشاوره فنی مرتبط,-,General Mechanic,IRO3GEMZ0001,GEMZ,GEMZ1,IRO3GEMZ0001,74,7421,3
ریشمک,تولید و صادرات ریشمک,فرابورس,بازار اول فرابورس,مواد و محصولات دارویی,تولید داروهای شیمیایی و گیاهی,-,Rishmac Prod.&EXP,IRO3RPEZ0005,RPEZ,RPEZ1,IRO3RPEZ0001,43,4323,1
زاگرس,پتروشیمی زاگرس,فرابورس,بازار دوم فرابورس,محصولات شیمیایی,تولید مواد شیمیایی پایه به جز کود,-,S*Zagros Petro.,IRO3PZGZ0003,PZGZ,PZGZ1,IRO3PZGZ0001,44,4411,3
زبینا,کشاورزی و دامپروری بینالود,فرابورس,بازار اول فرابورس,زراعت و خدمات وابسته,کشاورزی و خدمات دامپروری جز دامپزشکی,-,Binalood AGRI&Husb,IRO3BAHZ0007,BAHZ,BAHZ1,IRO3BAHZ0001,01,140,1
زدشت,کشت و صنعت دشت خرم دره,فرابورس,بازار اول فرابورس,زراعت و خدمات وابسته,کشاورزی، دامپروری و خدمات وابسته,-,Dashte Khoramdareh,IRO3DKHZ0003,DKHZ,DKHZ1,IRO3DKHZ0001,01,121,1
زشریف,کشت وصنعت شریف آباد,فرابورس,بازار اول فرابورس,زراعت و خدمات وابسته,کشاورزی، دامپروری و خدمات وابسته,-,Sharif Abad AGRI,IRO3SAAZ0005,SAAZ,SAAZ1,IRO3SAAZ0001,01,121,1
زشگزا,شیر و گوشت زاگرس شهرکرد,فرابورس,بازار اول فرابورس,زراعت و خدمات وابسته,کشاورزی و خدمات دامپروری جز دامپزشکی,-,Zagros Meat & Milk,IRO3ZMMZ0008,ZMMZ,ZMMZ1,IRO3ZMMZ0001,01,140,1
زفارس,کشت وصنعت و دامپروری پگاه فارس,فرابورس,بازار دوم فرابورس,زراعت و خدمات وابسته,کشاورزی، دامپروری و خدمات وابسته,-,Agriculture PegahF,IRO3APFZ0003,APFZ,APFZ1,IRO3APFZ0001,01,121,3
زفجر,کشاورزی و دامپروری فجر اصفهان,فرابورس,بازار دوم فرابورس,زراعت و خدمات وابسته,کشاورزی و خدمات دامپروری جز دامپزشکی,-,FajrAGRI&Husb,IRO3FAHZ0003,FAHZ,FAHZ1,IRO3FAHZ0001,01,140,3
زفکا,کشت و دامداری فکا,فرابورس,بازار اول فرابورس,زراعت و خدمات وابسته,کشاورزی، دامپروری و خدمات وابسته,-,FKA AGRI&Husb,IRO3FAAZ0000,FAAZ,FAAZ1,IRO3FAAZ0001,01,121,1
زقیام,کشت و دام قیام اصفهان,فرابورس,بازار اول فرابورس,زراعت و خدمات وابسته,کشاورزی و خدمات دامپروری جز دامپزشکی,-,Ghiam AGRI&Husb,IRO3GAHZ0002,GAHZ,GAHZ1,IRO3GAHZ0001,01,140,1
زکشت,کشاورزی مکانیزه اصفهان کشت,فرابورس,بازار اول فرابورس,زراعت و خدمات وابسته,کشاورزی و خدمات دامپروری جز دامپزشکی,-,Isfahan Kesht Agr.,IRO3IKAZ0005,IKAZ,IKAZ1,IRO3IKAZ0001,01,140,1
زگلدشت,کشت و دام گلدشت نمونه اصفهان,فرابورس,بازار اول فرابورس,زراعت و خدمات وابسته,کشاورزی، دامپروری و خدمات وابسته,-,Golgasht Nemouneh,IRO3GDSZ0006,GDSZ,GDSZ1,IRO3GDSZ0001,01,121,1
زماهان,مجتمع تولید گوشت مرغ ماهان,فرابورس,بازار دوم فرابورس,زراعت و خدمات وابسته,پرورش طیور,-,Mahan Chicken,IRO3MACZ0009,MACZ,MACZ1,IRO3MACZ0001,01,141,3
زملارد,کشاورزی و دامپروری ملارد شیر,فرابورس,بازار اول فرابورس,زراعت و خدمات وابسته,کشاورزی و خدمات دامپروری جز دامپزشکی,-,Malard AGRI&Husb,IRO3MAHZ0004,MAHZ,MAHZ1,IRO3MAHZ0001,01,140,1
زنگان,صنعت روی زنگان,فرابورس,بازار دوم فرابورس,فلزات اساسی,تولید فلزات گرانبهای غیرآهن,-,Zangan Industry,IRO3ZAGZ0000,ZAGZ,ZAGZ1,IRO3ZAGZ0001,27,2720,3
زهلال,کشت و صنعت هلال,فرابورس,-,زراعت و خدمات وابسته,کشاورزی، دامپروری و خدمات وابسته,-,HelalAgroIndustry,IRO3HELZ0001,HELZ,HELZ1,IRO3HELZ0001,01,121,3
ساروج,بین المللی ساروج بوشهر,فرابورس,بازار دوم فرابورس,سیمان، آهک و گچ,تولید سیمان، آهک و گچ,-,Sarooj Boushehr,IRO3SRBZ0005,SRBZ,SRBZ1,IRO3SRBZ0001,53,5394,3
سامان,بانک سامان,فرابورس,بازار دوم فرابورس,بانکها و موسسات اعتباری,سایر واسطه های پولی,-,Saman Bank,IRO3BSAP0006,BSAP,BSAP1,IRO3BSAP0001,57,5719,3
ساوه,سیمان ساوه,فرابورس,بازار دوم فرابورس,سیمان، آهک و گچ,تولید سیمان، آهک و گچ,-,Saveh Cement,IRO3SACZ0003,SACZ,SACZ1,IRO3SACZ0001,53,5394,3
ساینا,صنایع بهداشتی ساینا,فرابورس,بازار اول فرابورس,محصولات شیمیایی,تولید شوینده ها، عطر و محصولات آرایشی,-,Saina Company,IRO3SYNZ0002,SYNZ,SYNZ1,IRO3SYNZ0001,44,4424,1
سباقر,سیمان باقران,فرابورس,بازار دوم فرابورس,سیمان، آهک و گچ,تولید سیمان، آهک و گچ,-,Bagheran Cement,IRO3CBBP0003,CBBP,CBBP1,IRO3CBBP0001,53,5394,3
سبزوا,سیمان لار سبزوار,فرابورس,بازار دوم فرابورس,سیمان، آهک و گچ,تولید سیمان، آهک و گچ,-,Sabzevar Cement,IRO3SBZZ0005,SBZZ,SBZZ1,IRO3SBZZ0001,53,5394,3
سپیدار,سپیدار سیستم آسیا,فرابورس,بازار اول فرابورس,رایانه و فعالیت های وابسته به آن,مشاوره و تهیه نرم افزار,-,Sepidar System,IRO3SSYZ0007,SSYZ,SSYZ1,IRO3SSYZ0001,72,7220,1
سجام,مجتمع سیمان غرب آسیا,فرابورس,بازار دوم فرابورس,سیمان، آهک و گچ,تولید سیمان، آهک و گچ,-,Asia Cement,IRO3SASP0007,SASP,SASP1,IRO3SASP0001,53,5394,3
سدبیر,س. تدبیرگران فارس وخوزستان,فرابورس,بازار دوم فرابورس,سرمایه گذاریها,سایر واسطه های مالی,-,Tadbirgaran Inv,IRO3DBRZ0002,DBRZ,DBRZ1,IRO3DBRZ0001,56,5699,3
سرچشمه,سرمایه گذاری مس سرچشمه,فرابورس,بازار دوم فرابورس,سرمایه گذاریها,سایر واسطه های مالی,-,S*MesSarcheshme,IRO3SARZ0006,SARZ,SARZ1,IRO3SARZ0001,56,5699,3
سغدیر,توسعه سرمایه و صنعت غدیر,فرابورس,بازار دوم فرابورس,سیمان، آهک و گچ,تولید سیمان، آهک و گچ,-,Ghadir Invest.,IRO3GHIZ0004,GHIZ,GHIZ1,IRO3GHIZ0001,53,5394,3
سلیم,سرمایه گذاری سلیم,فرابورس,بازار دوم فرابورس,سرمایه گذاریها,سایر واسطه های مالی,-,Salim Invest,IRO3SLIM0009,SLIM,SLIM1,IRO3SLIM0001,56,5699,3
سمتاز,سیمان ممتازان کرمان,فرابورس,بازار دوم فرابورس,سیمان، آهک و گچ,تولید سیمان، آهک و گچ,-,Momtazan Cement,IRO3CMKP0009,CMKP,CMKP1,IRO3CMKP0001,53,5394,3
سمگا,گروه سرمایه گذاری میراث فرهنگی,فرابورس,بازار دوم فرابورس,هتل و رستوران,هتل ها ، اردو و دیگر تدارکات اقامت کوتاه,-,Cultur.Herit. Inv.,IRO3IMFZ0008,IMFZ,IMFZ1,IRO3IMFZ0001,55,5510,3
شاروم,پتروشیمی ارومیه,فرابورس,بازار اول فرابورس,محصولات شیمیایی,تولید کود و ترکیبات نیتروژن,-,UrmiaPetrochemical,IRO3URPZ0005,URPZ,URPZ1,IRO3URPZ0001,44,4412,1
شاوان,پالایش نفت لاوان,فرابورس,بازار دوم فرابورس,فراورده های نفتی، کک و سوخت هسته ای,تولید محصولات پالایش شده پتروشیمی,-,Lavan Oil Ref.,IRO3PNLZ0000,PNLZ,PNLZ1,IRO3PNLZ0001,23,2320,3
شبصیر,تولیدات پتروشیمی قائد بصیر,فرابورس,بازار دوم فرابورس,محصولات شیمیایی,تولید سایر محصولات شیمیایی,-,Ghaed Basir Petro.,IRO3BSRZ0005,BSRZ,BSRZ1,IRO3BSRZ0001,44,4429,3
شپاس,نفت پاسارگاد,فرابورس,بازار دوم فرابورس,فراورده های نفتی، کک و سوخت هسته ای,ساخت فرآورده های نفتی تصفیه شده,-,NPSZ,IRO3NPSZ0003,NPSZ,NPSZ1,IRO3NPSZ0001,23,2308,3
شتوکا,توکا رنگ فولاد سپاهان,فرابورس,بازار دوم فرابورس,محصولات شیمیایی,تولید رنگ، بتونه، جوهر,-,Tuka Paint Co.,IRO3TPSZ0007,TPSZ,TPSZ1,IRO3TPSZ0001,44,4422,3
شجم,صنایع پتروشیمی تخت جمشید,فرابورس,بازار دوم فرابورس,محصولات شیمیایی,تولید مواد شیمیایی پایه به جز کود,-,Takhte Jamshid Pe.,IRO3TJPZ0008,TJPZ,TJPZ1,IRO3TJPZ0001,44,4411,3
شرانل,نفت ایرانول,فرابورس,بازار دوم فرابورس,فراورده های نفتی، کک و سوخت هسته ای,ساخت فرآورده های نفتی تصفیه شده,-,Iranol,IRO3NOLZ0001,NOLZ,NOLZ1,IRO3NOLZ0001,23,2308,3
شرنگی,شیمیایی رنگین,فرابورس,بازار دوم فرابورس,محصولات شیمیایی,تولید رنگ، بتونه، جوهر,-,Rangin,IRO3SHEP0006,SHEP,SHEP1,IRO3SHEP0001,44,4422,3
شصدف,صنعتی دوده فام,فرابورس,بازار اول فرابورس,محصولات شیمیایی,تولید سایر محصولات شیمیایی,-,Sanati Doodeh Fam,IRO3SDFZ0007,SDFZ,SDFZ1,IRO3SDFZ0001,44,4429,1
شفام,تولیدی و صنعتی گوهرفام,فرابورس,بازار دوم فرابورس,محصولات شیمیایی,تولید رنگ، بتونه، جوهر,-,Gohar Fam,IRO3GOFZ0008,GOFZ,GOFZ1,IRO3GOFZ0001,44,4422,3
شکام,صنایع شیمیایی کیمیاگران امروز,فرابورس,بازار دوم فرابورس,محصولات شیمیایی,تولید مواد شیمیایی پایه به جز کود,-,Kimyagaran Chem.,IRO3KICZ0003,KICZ,KICZ1,IRO3KICZ0001,44,4411,3
شگویا,پتروشیمی تندگویان,فرابورس,بازار دوم فرابورس,محصولات شیمیایی,تولید مواد شیمیایی پایه به جز کود,-,Tondgooyan Petro,IRO3TPEZ0003,TPEZ,TPEZ1,IRO3TPEZ0001,44,4411,3
شمس,تولید انرژی برق شمس پاسارگاد,فرابورس,بازار دوم فرابورس,عرضه برق، گاز، بخاروآب گرم,تولید انتقال و توزیع نیروی برق,-,Shams Pasargad,IRO3SMSZ0001,SMSZ,SMSZ1,IRO3SMSZ0001,40,4010,3
شملی,ملی شیمی کشاورز,فرابورس,بازار دوم فرابورس,محصولات شیمیایی,تولید حشره کش و سایر محصولات شیمیایی,-,MelliAgro-Chemical,IRO3MECZ0005,MECZ,MECZ1,IRO3MECZ0001,44,4421,3
شیفته,کشت و صنعت شیفته آرای شرق,فرابورس,بازار دوم فرابورس,محصولات غذایی و آشامیدنی به جز قند و شکر,تولید سایر محصولات غذایی,-,Shifteh,IRO3SFHZ0003,SFHZ,SFHZ1,IRO3SFHZ0001,42,4249,3
عالیس,بهار رز عالیس چناران,فرابورس,بازار دوم فرابورس,محصولات غذایی و آشامیدنی به جز قند و شکر,تولید لبنیات,-,Alis Chanaran,IRO3ALSZ0002,ALSZ,ALSZ1,IRO3ALSZ0001,42,4220,3
غپآذر,شیر پگاه آذربایجان شرقی,فرابورس,بازار اول فرابورس,محصولات غذایی و آشامیدنی به جز قند و شکر,تولید لبنیات,-,E. Azar. Pegah,IRO3GHPZ0005,GHPZ,GHPZ1,IRO3GHPZ0001,42,4220,1
غپونه,نوش پونه مشهد,فرابورس,بازار دوم فرابورس,محصولات غذایی و آشامیدنی به جز قند و شکر,تولید سایر محصولات غذایی,-,N. Pouneh Mashhad,IRO3NPMP0001,NPMP,NPMP1,IRO3NPMP0001,42,4249,3
غدانه,کارخانجات دانه روغنی خراسان,فرابورس,بازار دوم فرابورس,محصولات غذایی و آشامیدنی به جز قند و شکر,تولید روغن های حیوانی و نباتی,-,Khorasan Oilseeds,IRO3KCOZ0005,KCOZ,KCOZ1,IRO3KCOZ0001,42,4214,3
غدیس,پاکدیس,فرابورس,بازار اول فرابورس,محصولات غذایی و آشامیدنی به جز قند و شکر,تولید نوشیدنی و آبمیوه,-,Pakdis Company,IRO3PKDZ0003,PKDZ,PKDZ1,IRO3PKDZ0001,42,4254,1
غشهداب,کشت و صنعت شهداب ناب خراسان,فرابورس,بازار دوم فرابورس,محصولات غذایی و آشامیدنی به جز قند و شکر,تولید سایر محصولات غذایی,-,Shahdab Khorasan,IRO3SHHZ0001,SHHZ,SHHZ1,IRO3SHHZ0001,42,4249,3
غصینو,صنعتی مینو,فرابورس,بازار دوم فرابورس,محصولات غذایی و آشامیدنی به جز قند و شکر,تولید نان و محصولات وابسته,-,Minoo Industry,IRO3MINZ0008,MINZ,MINZ1,IRO3MINZ0001,42,4241,3
غفارس,شیر پاستوریزه پگاه فارس,فرابورس,بازار اول فرابورس,محصولات غذایی و آشامیدنی به جز قند و شکر,تولید لبنیات,-,Pegah Fars Co.,IRO3GFRZ0005,GFRZ,GFRZ1,IRO3GFRZ0001,42,4220,1
غگلپا,شیر پاستوریزه پگاه گلپایگان,فرابورس,بازار اول فرابورس,محصولات غذایی و آشامیدنی به جز قند و شکر,تولید لبنیات,-,Pegah Golpayegan,IRO3PGPZ0005,PGPZ,PGPZ1,IRO3PGPZ0001,42,4220,1
غگلستا,شیر پاستوریزه پگاه گلستان,فرابورس,بازار اول فرابورس,محصولات غذایی و آشامیدنی به جز قند و شکر,تولید لبنیات,-,Pegah Golestan,IRO3PGLZ0009,PGLZ,PGLZ1,IRO3PGLZ0001,42,4220,1
غگیلا,شیرپاستوریزه پگاه گیلان,فرابورس,بازار اول فرابورس,محصولات غذایی و آشامیدنی به جز قند و شکر,تولید لبنیات,-,Pegah Gilan,IRO3PEGZ0008,PEGZ,PEGZ1,IRO3PEGZ0001,42,4220,1
غمایه,شرکت خمیرمایه رضوی,فرابورس,بازار دوم فرابورس,محصولات غذایی و آشامیدنی به جز قند و شکر,تولید نان و محصولات وابسته,-,Razavi Yeast,IRO3RAVZ0001,RAVZ,RAVZ1,IRO3RAVZ0001,42,4241,3
غمینو,شرکت صنایع غذایی مینو شرق,فرابورس,بازار اول فرابورس,محصولات غذایی و آشامیدنی به جز قند و شکر,تولید کاکائو، شکلات و شیرینی جات,-,Minoo Co.,IRO3MNOZ0000,MNOZ,MNOZ1,IRO3MNOZ0001,42,4243,1
غویتا,ویتانا,فرابورس,بازار دوم فرابورس,محصولات غذایی و آشامیدنی به جز قند و شکر,تولید کاکائو، شکلات و شیرینی جات,-,Vitana,IRO3VITZ0001,VITZ,VITZ1,IRO3VITZ0001,42,4243,3
فالوم,آلومتک,فرابورس,بازار دوم فرابورس,فلزات اساسی,تولید فلزات گرانبهای غیرآهن,-,Alumtek,IRO3ALTP0003,ALTP,ALTP1,IRO3ALTP0001,27,2720,3
فتوسا,تولید و توسعه سرب روی ایرانیان,فرابورس,بازار اول فرابورس,فلزات اساسی,تولید فلزات گرانبهای غیرآهن,-,Iranian Lead&Zinc,IRO3ILZZ0005,ILZZ,ILZZ1,IRO3ILZZ0001,27,2720,1
فجهان,جهان فولاد سیرجان,فرابورس,بازار دوم فرابورس,فلزات اساسی,تولید آهن و فولاد پایه,-,Sirjan Jahan Steel,IRO3SJSZ0006,SJSZ,SJSZ1,IRO3SJSZ0001,27,2710,3
فرابورس,فرابورس ایران,فرابورس,بازار اول فرابورس,فعالیتهای کمکی به نهادهای مالی واسط,اداره ی بازارهای مالی,-,Iran Fara Bourse,IRO3FRBZ0000,FRBZ,FRBZ1,IRO3FRBZ0001,67,6711,1
فرود,فولاد شاهرود,فرابورس,بازار دوم فرابورس,فلزات اساسی,تولید آهن و فولاد پایه,-,Shahrood Steel,IRO3SSTZ0004,SSTZ,SSTZ1,IRO3SSTZ0001,27,2710,3
فروژ,صنایع فروآلیاژ ایران,فرابورس,بازار دوم فرابورس,فلزات اساسی,تولید آهن و فولاد پایه,-,IranFerroalloyInd.,IRO3IFIZ0004,IFIZ,IFIZ1,IRO3IFIZ0001,27,2710,3
فروسیل,فروسیلیسیم خمین,فرابورس,بازار دوم فرابورس,فلزات اساسی,تولید آهن و فولاد پایه,-,Ferrosil. Khomein,IRO3FERZ0007,FERZ,FERZ1,IRO3FERZ0001,27,2710,3
فروی,ذوب روی اصفهان,فرابورس,بازار دوم فرابورس,فلزات اساسی,تولید فلزات گرانبهای غیرآهن,-,Isfahan Zinc SML.,IRO3IZSZ0008,IZSZ,IZSZ1,IRO3IZSZ0001,27,2720,3
فزر,پویا زرکان آق دره,فرابورس,بازار دوم فرابورس,استخراج کانه های فلزی,استخراج کانه فلزی غیرآهن,-,Pouya Zarkan,IRO3PZAZ0009,PZAZ,PZAZ1,IRO3PZAZ0001,13,1320,3
فزرین,زرین معدن آسیا,فرابورس,بازار اول فرابورس,فلزات اساسی,تولید فلزات گرانبهای غیرآهن,-,Zarin Madan Co.,IRO3KZIZ0006,KZIZ,KZIZ1,IRO3KZIZ0001,27,2720,1
فسوژ,سوژمیران,فرابورس,بازار اول فرابورس,فلزات اساسی,تولید فلزات گرانبهای غیرآهن,-,Soojmiran,IRO3SOJZ0000,SOJZ,SOJZ1,IRO3SOJZ0001,27,2720,1
فصبا,صبا فولاد خلیج فارس,فرابورس,بازار دوم فرابورس,فلزات اساسی,تولید آهن و فولاد پایه,-,Saba Steel,IRO3SBLZ0001,SBLZ,SBLZ1,IRO3SBLZ0001,27,2710,3
فغدیر,آهن و فولاد غدیر ایرانیان,فرابورس,بازار دوم فرابورس,فلزات اساسی,تولید آهن و فولاد پایه,-,GhadirIranian Iron,IRO3GIRZ0002,GIRZ,GIRZ1,IRO3GIRZ0001,27,2710,3
فگستر,گسترش صنایع روی ایرانیان,فرابورس,بازار اول فرابورس,فلزات اساسی,تولید فلزات گرانبهای غیرآهن,-,Iranian Zinc Ind.,IRO3IZIZ0000,IZIZ,IZIZ1,IRO3IZIZ0001,27,2720,1
فن افزار,توسعه فن افزار توسن,فرابورس,بازار اول فرابورس,رایانه و فعالیت های وابسته به آن,مشاوره و تهیه نرم افزار,-,Tosan Techno,IRO3TOTZ0007,TOTZ,TOTZ1,IRO3TOTZ0001,72,7220,1
فنر,پارس فنر,فرابورس,بازار دوم فرابورس,خودرو و ساخت قطعات,قطعات یدکی و جانبی وسایل نقلیه موتوری,-,Pars Fanar,IRO3PSFZ0003,PSFZ,PSFZ1,IRO3PSFZ0001,34,3430,3
فنفت,صنایع تجهیزات نفت,فرابورس,بازار دوم فرابورس,فلزات اساسی,تولید آهن و فولاد پایه,-,Petro.Eqpt.Ind.,IRO3PEIZ0006,PEIZ,PEIZ1,IRO3PEIZ0001,27,2710,3
فهامون,آلیاژ گستر هامون,فرابورس,بازار دوم فرابورس,فلزات اساسی,تولید آهن و فولاد پایه,-,Alloy Co. Hamoon,IRO3AYHZ0000,AYHZ,AYHZ1,IRO3AYHZ0001,27,2710,3
فوکا,فولاد کاویان,فرابورس,بازار دوم فرابورس,فلزات اساسی,تولید آهن و فولاد پایه,-,Folad Kavian,IRO3FVAP0007,FVAP,FVAP1,IRO3FVAP0001,27,2710,3
فولای,صنایع فولاد آلیاژی یزد,فرابورس,بازار دوم فرابورس,فلزات اساسی,تولید آهن و فولاد پایه,-,Yazd Fold,IRO3FAYZ0002,FAYZ,FAYZ1,IRO3FAYZ0001,27,2710,3
قاسم,قاسم ایران,فرابورس,بازار دوم فرابورس,خرده فروشی،باستثنای وسایل نقلیه موتوری,خرده فروشی موادغذایی در فروشگاههای تخصصی,-,Ghassem Co.,IRO3GASZ0009,GASZ,GASZ1,IRO3GASZ0001,47,4721,3
قتربت,قند تربت حیدریه,فرابورس,بازار دوم فرابورس,قند و شکر,تولید شکر,-,Torbat Sugar,IRO3TSUP0002,TSUP,TSUP1,IRO3TSUP0001,38,3842,3
قچار,فراوردههای غذایی وقند چهارمحال,فرابورس,بازار دوم فرابورس,قند و شکر,تولید شکر,-,ChaharMahal,IRO3CHRZ0007,CHRZ,CHRZ1,IRO3CHRZ0001,38,3842,3
قشیر,قند شیروان قوچان و بجنورد,فرابورس,بازار دوم فرابورس,قند و شکر,تولید شکر,-,Ghand Shirvan,IRO3GHSZ0002,GHSZ,GHSZ1,IRO3GHSZ0001,38,3842,3
کاسپین,داروسازی کاسپین تامین,فرابورس,بازار دوم فرابورس,مواد و محصولات دارویی,تولید داروهای شیمیایی و گیاهی,-,Kaspian Daroo,IRO3KSPZ0006,KSPZ,KSPZ1,IRO3KSPZ0001,43,4323,3
کانسار,معدنکاران نسوز,فرابورس,بازار دوم فرابورس,استخراج سایر معادن,استخراج سنگ، ماسه و خاک رس,-,MadankaranNasooz,IRO3MKNZ0004,MKNZ,MKNZ1,IRO3MKNZ0001,14,1410,3
کایزد,فرانسوز یزد,فرابورس,بازار دوم فرابورس,سایر محصولات کانی غیرفلزی,تولید محصولات سرامیکی نسوز,-,Yazd Faranasooz,IRO3YAFZ0002,YAFZ,YAFZ1,IRO3YAFZ0001,54,5492,3
کپرسپولیس,مجتمع کاشی و سنگ پرسپولیس یزد,فرابورس,بازار دوم فرابورس,کاشی و سرامیک,تولید گل و سرامیک ساختمانی,-,Persepolis Tile,IRO3PRPT0000,PRPT,PRPT1,IRO3PRPT0001,49,4993,3
کپرور,فرآوری زغال سنگ پروده طبس,فرابورس,بازار دوم فرابورس,استخراج زغال سنگ,استخراج و انبار زغال سنگ سخت,-,Tabas Company,IRO3TBSZ0003,TBSZ,TBSZ1,IRO3TBSZ0001,10,1010,3
کتوسعه,توسعه صنایع و معادن کوثر,فرابورس,بازار اول فرابورس,استخراج سایر معادن,استخراج سنگ، ماسه و خاک رس,-,Kowsar Min. Ind.,IRO3KOMZ0003,KOMZ,KOMZ1,IRO3KOMZ0001,14,1410,1
کتوکا,تولیدی و خدمات صنایع نسوز توکا,فرابورس,بازار اول فرابورس,سایر محصولات کانی غیرفلزی,تولید محصولات سرامیکی نسوز,-,TUKA Co.,IRO3TUKZ0008,TUKZ,TUKZ1,IRO3TUKZ0001,54,5492,1
کربن,کانی کربن طبس,فرابورس,بازار دوم فرابورس,استخراج زغال سنگ,استخراج و انبار زغال سنگ سخت,-,Kani Karbon Tabas,IRO3KKTZ0000,KKTZ,KKTZ1,IRO3KKTZ0001,10,1010,3
کرمان,س. توسعه وعمران استان کرمان,فرابورس,بازار اول فرابورس,انبوه سازی، املاک و مستغلات,املاک و مستغلات با ملک خود یا لیزینگ شده,-,Kerman Invest,IRO3KRMZ0000,KRMZ,KRMZ1,IRO3KRMZ0001,70,7010,1
کرومیت,توسعه کرومیت کاوندگان بنا,فرابورس,بازار دوم فرابورس,استخراج کانه های فلزی,استخراج کانه فلزی غیرآهن,-,Kavandegan bana,IRO3KVNZ0003,KVNZ,KVNZ1,IRO3KVNZ0001,13,1320,3
کزغال,زغال سنگ پروده طبس,فرابورس,بازار دوم فرابورس,استخراج زغال سنگ,استخراج و انبار زغال سنگ سخت,-,TabasParvadeh Coal,IRO3TPCZ0005,TPCZ,TPCZ1,IRO3TPCZ0001,10,1010,3
کشرق,صنعتی و معدنی شمال شرق شاهرود,فرابورس,بازار دوم فرابورس,استخراج زغال سنگ,استخراج و انبار زغال سنگ سخت,-,Shahrood N.E.,IRO3KSGZ0007,KSGZ,KSGZ1,IRO3KSGZ0001,10,1010,3
کگهر,معدنی و صنعتی گهرزمین,فرابورس,بازار دوم فرابورس,استخراج کانه های فلزی,استخراج آهن,-,Gohar Zamin Iron,IRO3GZIZ0002,GZIZ,GZIZ1,IRO3GZIZ0001,13,1310,3
کلر,کلر پارس,فرابورس,بازار اول فرابورس,محصولات شیمیایی,تولید مواد شیمیایی پایه به جز کود,-,Chlor Pars,IRO3CHPZ0009,CHPZ,CHPZ1,IRO3CHPZ0001,44,4411,1
کمرجان,بازرگانی و تولیدی مرجان کار,فرابورس,بازار اول فرابورس,سایر محصولات کانی غیرفلزی,تولید محصولات بتنی، سیمانی و گچ,-,Marjan Kar,IRO3MRJZ0003,MRJZ,MRJZ1,IRO3MRJZ0001,54,5495,1
کوثر,بیمه کوثر,فرابورس,بازار دوم فرابورس,بیمه وصندوق بازنشستگی به جزتامین اجتماعی,فعالیتهای مالی و اجرائی,-,Kosar Ins.,IRO3BKSZ0002,BKSZ,BKSZ1,IRO3BKSZ0001,66,6611,3
کوچین,تولیدی کوچین,فرابورس,بازار دوم فرابورس,محصولات غذایی و آشامیدنی به جز قند و شکر,تولید سایر محصولات غذایی,-,Koochin,IRO3KCHZ0004,KCHZ,KCHZ1,IRO3KCHZ0001,42,4249,3
کولان,کولان سل,فرابورس,بازار دوم فرابورس,محصولات کاغذی,تولید سایر محصولات کاغذ و مقوا,-,Koolan Cel,IRO3KOLZ0004,KOLZ,KOLZ1,IRO3KOLZ0001,21,2109,3
کی بی سی,شرکت کی بی سی,فرابورس,بازار دوم فرابورس,مواد و محصولات دارویی,تولید داروهای شیمیایی و گیاهی,-,KBC Company,IRO3KBCZ0000,KBCZ,KBCZ1,IRO3KBCZ0001,43,4323,3
کیسون,شرکت کیسون,فرابورس,بازار دوم فرابورس,خدمات فنی و مهندسی,فعالیتهای ساختمانی و مشاوره فنی مرتبط,-,Kayson,IRO3KSNP0000,KSNP,KSNP1,IRO3KSNP0001,74,7421,3
گدنا,تهیه توزیع غذای دنا آفرین فدک,فرابورس,بازار دوم فرابورس,هتل و رستوران,فعالیت خدماتی مربوط به غذا و آشامیدنی ها,-,Dona Catering,IRO3DCAZ0000,DCAZ,DCAZ1,IRO3DCAZ0001,55,5520,3
گکوثر,هتل پارسیان کوثر اصفهان,فرابورس,بازار دوم فرابورس,هتل و رستوران,هتل ها ، اردو و دیگر تدارکات اقامت کوتاه,-,ParsianKosar Hotel,IRO3PKHZ0009,PKHZ,PKHZ1,IRO3PKHZ0001,55,5510,3
گلدیرا,صنایع گلدیران,فرابورس,بازار دوم فرابورس,ماشین آلات و تجهیزات,تولید وسایل خانگی,-,GoldIran,IRO3GOIZ0005,GOIZ,GOIZ1,IRO3GOIZ0001,29,2930,3
گوهران,سرمایه گذاری توسعه گوهران امید,فرابورس,بازار دوم فرابورس,سرمایه گذاریها,سایر واسطه های مالی,-,Omid Goharan,IRO3GOMZ0009,GOMZ,GOMZ1,IRO3GOMZ0001,56,5699,3
لطیف,محصولات کاغذی لطیف,فرابورس,بازار اول فرابورس,محصولات کاغذی,تولید سایر محصولات کاغذ و مقوا,-,Latif Paper,IRO3LPCZ0003,LPCZ,LPCZ1,IRO3LPCZ0001,21,2109,1
مادیرا,صنایع مادیران,فرابورس,بازار اول فرابورس,تولید محصولات کامپیوتری الکترونیکی ونوری,تولید رایانه و تجهیزات جانبی,-,MaadiranIndustries,IRO3IOMZ0007,IOMZ,IOMZ1,IRO3IOMZ0001,26,2620,1
مارون,پتروشیمی مارون,فرابورس,بازار دوم فرابورس,محصولات شیمیایی,تولید مواد شیمیایی پایه به جز کود,-,Maroon Petro.,IRO3PMRZ0005,PMRZ,PMRZ1,IRO3PMRZ0001,44,4411,3
مدیریت,س. و خدمات مدیریت صند. ب کشوری,فرابورس,بازار اول فرابورس,سرمایه گذاریها,سایر واسطه های مالی,-,Inv. Srv. of CSPF,IRO3ISMZ0003,ISMZ,ISMZ1,IRO3ISMZ0001,56,5699,1
معین,بیمه ایران - معین,فرابورس,بازار دوم فرابورس,بیمه وصندوق بازنشستگی به جزتامین اجتماعی,بیمه غیرزندگی,-,Moien Reinsurance,IRO3MONZ0000,MONZ,MONZ1,IRO3MONZ0001,66,6603,3
مفاخر,توسعه فناوری اطلاعات خوارزمی,فرابورس,بازار دوم فرابورس,رایانه و فعالیت های وابسته به آن,سایر فعالیت های رایانه ای,-,Kharazmi Info.,IRO3KARZ0004,KARZ,KARZ1,IRO3KARZ0001,72,7200,3
مهر,سرمایه گذاری مهر,فرابورس,بازار دوم فرابورس,سرمایه گذاریها,سایر واسطه های مالی,-,Mehr Investment,IRO3MHRI0006,MHRI,MHRI1,IRO3MHRI0001,56,5699,3
میهن,بیمه میهن,فرابورس,بازار دوم فرابورس,بیمه وصندوق بازنشستگی به جزتامین اجتماعی,فعالیتهای مالی و اجرائی,-,Mihan Insurance,IRO3MIHZ0006,MIHZ,MIHZ1,IRO3MIHZ0001,66,6611,3
ناما,تولیدی مخازن گاز آسیاناما,فرابورس,بازار دوم فرابورس,خودرو و ساخت قطعات,قطعات یدکی و جانبی وسایل نقلیه موتوری,-,Asianama N.G.T,IRO3NAMZ0006,NAMZ,NAMZ1,IRO3NAMZ0001,34,3430,3
نان,صنایع غذایی رضوی,فرابورس,بازار دوم فرابورس,محصولات غذایی و آشامیدنی به جز قند و شکر,تولید نان و محصولات وابسته,-,Nane Razavi,IRO3NRVZ0006,NRVZ,NRVZ1,IRO3NRVZ0001,42,4241,3
نخریس,نخریسی و نساجی خسروی خراسان,فرابورس,بازار دوم فرابورس,منسوجات,آماده سازی و ریسندگی نخ، پارچه بافی,-,Nakhris,IRO3NAKZ0008,NAKZ,NAKZ1,IRO3NAKZ0001,17,1711,3
نطرین,عطرین نخ قم,فرابورس,بازار دوم فرابورس,منسوجات,آماده سازی و ریسندگی نخ، پارچه بافی,-,Atrin Nakh Qom,IRO3ANQZ0002,ANQZ,ANQZ1,IRO3ANQZ0001,17,1711,3
نوین,بیمه نوین,فرابورس,بازار دوم فرابورس,بیمه وصندوق بازنشستگی به جزتامین اجتماعی,فعالیتهای مالی و اجرائی,-,Novin Bime,IRO3BNOP0005,BNOP,BNOP1,IRO3BNOP0001,66,6611,3
نیان,نیان الکترونیک,فرابورس,بازار دوم فرابورس,تولید محصولات کامپیوتری الکترونیکی ونوری,تولید تجهیزات الکترونیکی پیشرفته,-,Nian Electronic,IRO3NIAZ0002,NIAZ,NIAZ1,IRO3NIAZ0001,26,2630,3
نیروترانسفو,کارخانجات تولیدی نیروترانسفو,فرابورس,بازار دوم فرابورس,ماشین آلات و دستگاه های برقی,تولید موتورها، مولدها و مبدلهای الکتریکی,-,Niroo Transfo,IRO3TNZF0004,TNZF,TNZF1,IRO3TNZF0001,31,3110,3
نیشکر,توسعه نیشکر و صنایع جانبی,فرابورس,بازار دوم فرابورس,قند و شکر,تولید شکر,-,Sugar Cane Dev.,IRO3SUGZ0005,SUGZ,SUGZ1,IRO3SUGZ0001,38,3842,3
هانیکو,هامون نایزه,فرابورس,بازار دوم فرابورس,ساخت محصولات فلزی,تولید سایر محصولات فلزی ساخته شده,-,HaniCo,IRO3HANI0004,HANI,HANI1,IRO3HANI0001,28,2899,3
هجرت,پخش هجرت,فرابورس,بازار دوم فرابورس,مواد و محصولات دارویی,تولید سایر محصولات دارویی,-,HejratDistribution,IRO3HEDZ0001,HEDZ,HEDZ1,IRO3HEDZ0001,43,4399,3
هرمز,فولاد هرمزگان جنوب,فرابورس,بازار دوم فرابورس,فلزات اساسی,تولید آهن و فولاد پایه,-,Hormozgan Co.,IRO3FOHZ0007,FOHZ,FOHZ1,IRO3FOHZ0001,27,2710,3
وآوا,سرمایه گذاری آوا نوین,فرابورس,بازار اول فرابورس,سرمایه گذاریها,سایر واسطه های مالی,-,Ava Novin INVEST,IRO3ANIZ0002,ANIZ,ANIZ1,IRO3ANIZ0001,56,5699,1
والماس,س. الماس حکمت ایرانیان,فرابورس,بازار اول فرابورس,سرمایه گذاریها,سایر واسطه های مالی,-,Almas Investmen,IRO3AHIZ0000,AHIZ,AHIZ1,IRO3AHIZ0001,56,5699,1
وامین,سرمایه گذاری امین مهرگان,فرابورس,بازار دوم فرابورس,سرمایه گذاریها,سایر واسطه های مالی,-,Amin Tavan Inv.,IRO3ATAP0006,ATAP,ATAP1,IRO3ATAP0001,56,5699,3
وپایا,سرمایه گذاری پایا تدبیرپارسا,فرابورس,بازار دوم فرابورس,سرمایه گذاریها,سایر واسطه های مالی,-,Paya Tadbir Parsa,IRO3PTPZ0000,PTPZ,PTPZ1,IRO3PTPZ0001,56,5699,3
وپویا,سرمایه گذاری پویا,فرابورس,بازار اول فرابورس,سرمایه گذاریها,سایر واسطه های مالی,-,Pouya Investment,IRO3PIVZ0005,PIVZ,PIVZ1,IRO3PIVZ0001,56,5699,1
وتعاون,بیمه تعاون,فرابورس,بازار دوم فرابورس,بیمه وصندوق بازنشستگی به جزتامین اجتماعی,بیمه غیرزندگی,-,Taavon Ins.,IRO3TAVZ0009,TAVZ,TAVZ1,IRO3TAVZ0001,66,6603,3
وثنو,سرمایه گذاری ساختمانی نوین,فرابورس,بازار دوم فرابورس,سرمایه گذاریها,سایر واسطه های مالی,-,Novin cons.Inv,IRO3SNOP0006,SNOP,SNOP1,IRO3SNOP0001,56,5699,3
ودی,بیمه دی,فرابورس,بازار دوم فرابورس,بیمه وصندوق بازنشستگی به جزتامین اجتماعی,بیمه غیرزندگی,-,Day Bime,IRO3BMDZ0007,BMDZ,BMDZ1,IRO3BMDZ0001,66,6603,3
وسبحان,سرمایه گذاری سبحان,فرابورس,بازار اول فرابورس,سرمایه گذاریها,سایر واسطه های مالی,-,Sobhan Invest.,IRO3SOBZ0008,SOBZ,SOBZ1,IRO3SOBZ0001,56,5699,1
وسپهر,گروه سرمایه گذاری سپهرصادرات,فرابورس,بازار اول فرابورس,شرکتهای چند رشته ای صنعتی,شرکتهای صنعتی چند رشته ای,-,SepehrSaderat Inv.,IRO3SAIZ0007,SAIZ,SAIZ1,IRO3SAIZ0001,39,3999,1
وطوبی,سرمایه گذاری اقتصاد شهر طوبی,فرابورس,بازار اول فرابورس,سرمایه گذاریها,سایر واسطه های مالی,-,Toba Inv.,IRO3TOIZ0000,TOIZ,TOIZ1,IRO3TOIZ0001,56,5699,1
وکبهمن,مدیریت سرمایه گذاری کوثربهمن,فرابورس,بازار اول فرابورس,سرمایه گذاریها,سایر واسطه های مالی,-,KBahman Inv. Mng.,IRO3KBIZ0004,KBIZ,KBIZ1,IRO3KBIZ0001,56,5699,1
وگردش,بانک گردشگری,فرابورس,بازار دوم فرابورس,بانکها و موسسات اعتباری,سایر واسطه های پولی,-,Tourism Bank,IRO3GRDZ0007,GRDZ,GRDZ1,IRO3GRDZ0001,57,5719,3
وگستر,گسترش سرمایه گذاری ایرانیان,فرابورس,بازار دوم فرابورس,سرمایه گذاریها,سایر واسطه های مالی,-,Iranian Investment,IRO3IRNZ0003,IRNZ,IRNZ1,IRO3IRNZ0001,56,5699,3
ولبهمن,شرکت بهمن لیزینگ,فرابورس,بازار اول فرابورس,سایر واسطه گریهای مالی,لیزینگ مالی,-,Bahman Liz.,IRO3BHLZ0004,BHLZ,BHLZ1,IRO3BHLZ0001,58,5891,1
ولتجار,واسپاری تجار ایرانیان,فرابورس,بازار دوم فرابورس,سایر واسطه گریهای مالی,لیزینگ مالی,-,Iranian Inv Co,IRO3GSIP0003,GSIP,GSIP1,IRO3GSIP0001,58,5891,3
ولشرق,لیزینگ ایران و شرق,فرابورس,بازار اول فرابورس,سایر واسطه گریهای مالی,لیزینگ مالی,-,Iran & Shargh Lsg.,IRO3ISLZ0004,ISLZ,ISLZ1,IRO3ISLZ0001,58,5891,1
ومپنا,مدیریت نیروگاهی ایرانیان مپنا,فرابورس,بازار دوم فرابورس,عرضه برق، گاز، بخاروآب گرم,تولید انتقال و توزیع نیروی برق,-,Mapna Group,IRO3MPGZ0008,MPGZ,MPGZ1,IRO3MPGZ0001,40,4010,3
ومعلم,بیمه معلم,فرابورس,بازار دوم فرابورس,بیمه وصندوق بازنشستگی به جزتامین اجتماعی,بیمه غیرزندگی,-,Moallem Insurance,IRO3MOIZ0007,MOIZ,MOIZ1,IRO3MOIZ0001,66,6603,3
وملل,اعتباری ملل,فرابورس,بازار دوم فرابورس,بانکها و موسسات اعتباری,سایر واسطه های پولی,-,Melal Credit Inst.,IRO3ASKZ0003,ASKZ,ASKZ1,IRO3ASKZ0001,57,5719,3
وهامون,سرمایه گذاری هامون صبا,فرابورس,بازار اول فرابورس,سرمایه گذاریها,سایر واسطه های مالی,-,Hamoon Saba Inv.,IRO3HAIZ0000,HAIZ,HAIZ1,IRO3HAIZ0001,56,5699,1
وهور,گروه س.انرژی امید تابان هور,فرابورس,بازار دوم فرابورس,عرضه برق، گاز، بخاروآب گرم,تولید انتقال و توزیع نیروی برق,-,Omid Taban Hoor,IRO3HORZ0003,HORZ,HORZ1,IRO3HORZ0001,40,4010,3
کورز,ورزیران,پایه زرد,بازار پایه زرد فرابورس,سایر محصولات کانی غیرفلزی,تولید سایر محصولات معدنی غیرفلزی, لغو پذیرش شده,Varziran,IRO7VARP0009,VARP,VARP1,IRO7VARP0001,54,5499,7
حیات,بیمه زندگی مفید,پایه زرد,بازار پایه زرد فرابورس,بیمه وصندوق بازنشستگی به جزتامین اجتماعی,بیمه زندگی,-,Mofid Life INS,IRO7MLFZ0009,MLFZ,MLFZ1,IRO7MLFZ0001,66,6601,7
گشان,توسعه بین المللی پدیده شاندیز,پایه زرد,بازار پایه زرد فرابورس,هتل و رستوران,هتل ها ، اردو و دیگر تدارکات اقامت کوتاه, مشمول ماده 36 قانون احکام دائمی برنامه هاي توسعه کشور,Padideh Shandiz,IRO7PSDP0003,PSDP,PSDP1,IRO7PSDP0001,55,5510,7
وآیند,بانک آینده,پایه نارنجی,بازار سوم فرابورس,بانکها و موسسات اعتباری,سایر واسطه های پولی, قانون احکام دائمی برنامه های توسعه کشور,S*Ayandeh Bank,IRO7AYNP0000,AYNP,AYNP1,IRO7AYNP0001,57,5719,7
بتیس,بیمه زندگی ایساتیس,پایه زرد,بازار پایه زرد فرابورس,بیمه وصندوق بازنشستگی به جزتامین اجتماعی,بیمه زندگی, مشمول ماده 36 قانون احکام دائمی برنامه هاي توسعه کشور,Isatis Life INS,IRO7BTSP0001,BTSP,BTSP1,IRO7BTSP0001,66,6601,7
ولاعتماد,واسپاری عصراعتماد,پایه زرد,بازار پایه زرد فرابورس,سایر واسطه گریهای مالی,لیزینگ مالی,-,Etemad Leasing,IRO7VAEP0004,VAEP,VAEP1,IRO7VAEP0001,58,5891,7
فن آوا,گروه فن آوا,پایه زرد,بازار پایه زرد فرابورس,رایانه و فعالیت های وابسته به آن,سایر فعالیت های رایانه ای, قانون احکام دائمی برنامه های توسعه کشور,FanAva Co.,IRO7FANP0003,FANP,FANP1,IRO7FANP0001,72,7200,7
شکبیر,پتروشیمی امیرکبیر,پایه زرد,بازار پایه زرد فرابورس,محصولات شیمیایی,تولید مواد شیمیایی پایه به جز کود, قانون احکام دائمی برنامه های توسعه کشور,Amir Kabir Co.,IRO7PKBP0003,PKBP,PKBP1,IRO7PKBP0001,44,4411,7
وسرمد,بیمه سرمد,پایه زرد,بازار پایه زرد فرابورس,بیمه وصندوق بازنشستگی به جزتامین اجتماعی,فعالیتهای مالی و اجرائی, قانون احکام دائمی برنامه های توسعه کشور,Sarmad Insurance,IRO7SRMP0000,SRMP,SRMP1,IRO7SRMP0001,66,6611,7
کازرو,پتروشیمی کازرون,پایه زرد,بازار پایه زرد فرابورس,محصولات شیمیایی,تولید مواد شیمیایی پایه به جز کود, قانون احکام دائمی برنامه های توسعه کشور,Kazeroon Petro.,IRO7PKZP0005,PKZP,PKZP1,IRO7PKZP0001,44,4411,7
ممسنی,پتروشیمی ممسنی,پایه زرد,بازار پایه زرد فرابورس,محصولات شیمیایی,تولید مواد شیمیایی پایه به جز کود, قانون احکام دائمی برنامه های توسعه کشور,Mamasani Petro.,IRO7PMMP0008,PMMP,PMMP1,IRO7PMMP0001,44,4411,7
وشمال,س. چشم انداز توسعه شمال,پایه زرد,بازار پایه زرد فرابورس,سرمایه گذاریها,سایر واسطه های مالی, مشمول ماده 36 قانون احکام دائمی برنامه هاي توسعه کشور,Shomal Invest.,IRO7SHOP0000,SHOP,SHOP1,IRO7SHOP0001,56,5699,7
زنجان,صنایع کشاورزی وکود زنجان,پایه نارنجی,بازار پایه نارنجی فرابورس,محصولات شیمیایی,تولید کود و ترکیبات نیتروژن, قانون احکام دائمی برنامه های توسعه کشور,Zanjan Co.,IRO7ZNJP0000,ZNJP,ZNJP1,IRO7ZNJP0001,44,4412,7
غمارگ,مارگارین,پایه زرد,بازار پایه زرد فرابورس,محصولات غذایی و آشامیدنی به جز قند و شکر,تولید روغن های حیوانی و نباتی, لغو پذیرش شده,Margarin,IRO7MRGN0006,MRGN,MRGN1,IRO7MRGN0001,42,4214,7
وبرق,س.کارکنان صنعت برق زنجان وقزوی,پایه زرد,بازار پایه زرد فرابورس,سرمایه گذاریها,سایر واسطه های مالی, قانون احکام دائمی برنامه های توسعه کشور,S.Electric.IND,IRO7SEIP0001,SEIP,SEIP1,IRO7SEIP0001,56,5699,7
وسنا,سرمایه گذاری نیروگاهی ایران,پایه زرد,بازار پایه زرد فرابورس,سرمایه گذاریها,سایر واسطه های مالی, قانون احکام دائمی برنامه های توسعه کشور,Iran Sana Co,IRO7SNAP0008,SNAP,SNAP1,IRO7SNAP0001,56,5699,7
باران,بیمه زندگی باران,پایه زرد,بازار پایه زرد فرابورس,بیمه وصندوق بازنشستگی به جزتامین اجتماعی,بیمه زندگی, قانون احکام دائمی برنامه های توسعه کشور,Baran Life INS,IRO7BLIP0001,BLIP,BLIP1,IRO7BLIP0001,66,6601,7
وارس,سرمایه گذاری ارس صبا,پایه زرد,بازار پایه زرد فرابورس,سرمایه گذاریها,سایر واسطه های مالی, قانون احکام دائمی برنامه های توسعه کشور,Aras Invest.,IRO7ARSP0004,ARSP,ARSP1,IRO7ARSP0001,56,5699,7
استقلال,فرهنگی ورزشی استقلال ایران,پایه نارنجی,بازار پایه نارنجی فرابورس,فعالیتهای فرهنگی و ورزشی,فعالیت های باشگاه های ورزشی, قانون احکام دائمی برنامه های توسعه کشور,Esteghlal,IRO7ESLP0006,ESLP,ESLP1,IRO7ESLP0001,93,9312,7
پرسپولیس,فرهنگی ورزشی پرسپولیس,پایه زرد,بازار پایه زرد فرابورس,فعالیتهای فرهنگی و ورزشی,فعالیت های باشگاه های ورزشی, قانون احکام دائمی برنامه های توسعه کشور,Persepolis,IRO7PSPP0009,PSPP,PSPP1,IRO7PSPP0001,93,9312,7
رتکو,کنترل  خوردگی  تکین  کوی,پایه زرد,بازار پایه زرد فرابورس,خدمات فنی و مهندسی,آزمایش و تحلیل فنی, لغو پذیرش شده,Techinco,IRO7TKIN0004,TKIN,TKIN1,IRO7TKIN0001,74,7422,7
وآتوس,گروه سرمایه گذاری توسکا,پایه زرد,بازار پایه زرد فرابورس,سرمایه گذاریها,سایر واسطه های مالی, قانون احکام دائمی برنامه های توسعه کشور,Arian Toska,IRO7ATSP0002,ATSP,ATSP1,IRO7ATSP0001,56,5699,7
نیرو,نیرو سرمایه,پایه زرد,بازار پایه زرد فرابورس,ماشین آلات و دستگاه های برقی,تولید موتورها، مولدها و مبدلهای الکتریکی, قانون احکام دائمی برنامه های توسعه کشور,Niro Sarmayeh.,IRO7NIRP0001,NIRP,NIRP1,IRO7NIRP0001,31,3110,7
سنوین,سرمایه گذاری اقتصاد نوین,پایه زرد,بازار پایه زرد فرابورس,سرمایه گذاریها,سایر واسطه های مالی, مشمول ماده 36 قانون احکام دائمی برنامه هاي توسعه کشور,Eghtesad Novin,IRO7IENP0006,IENP,IENP1,IRO7IENP0001,56,5699,7
ولیز,لیزینگ ایران,پایه زرد,بازار پایه زرد فرابورس,سایر واسطه گریهای مالی,لیزینگ مالی, لغو پذیرش شده,Leasing Iran,IRO7LZIN0005,LZIN,LZIN1,IRO7LZIN0001,58,5891,7
آینده,بازرگانی آینده سازان بهشت پارس,پایه زرد,بازار پایه زرد فرابورس,زراعت و خدمات وابسته,پرورش محصولات و باغبانی, قانون احکام دائمی برنامه های توسعه کشور,Behesht Pars Co,IRO7BHEP0001,BHEP,BHEP1,IRO7BHEP0001,01,111,7
بزندگی,بیمه زندگی آگاه,پایه زرد,بازار پایه زرد فرابورس,بیمه وصندوق بازنشستگی به جزتامین اجتماعی,بیمه زندگی,-,Agah LifeINS,IRO7AGLZ0002,AGLZ,AGLZ1,IRO7AGLZ0001,66,6601,7
ودانا,سرمایه گذاری دانایان,پایه نارنجی,بازار پایه نارنجی فرابورس,سرمایه گذاریها,سایر واسطه های مالی, قانون احکام دائمی برنامه های توسعه کشور,Danayan Co,IRO7DANP0005,DANP,DANP1,IRO7DANP0001,56,5699,7
بمیلا,توسعه سرمایه گذاری میلاد پارس,پایه زرد,بازار پایه زرد فرابورس,تجارت عمده فروشی به جز وسایل نقلیه موتور,عمده فروشی براساس هزینه و یا قرارداد, قانون احکام دائمی برنامه های توسعه کشور,Ahan&Folad Co.,IRO7MILP0008,MILP,MILP1,IRO7MILP0001,46,4610,7
تکنار,مجتمع معادن مس تکنار,پایه زرد,بازار پایه زرد فرابورس,استخراج کانه های فلزی,استخراج کانه فلزی غیرآهن, قانون احکام دائمی برنامه های توسعه کشور,Taknar Copper,IRO7NARP0009,NARP,NARP1,IRO7NARP0001,13,1320,7
تمحرکه,ماشین سازی نیرو محرکه,پایه نارنجی,بازار پایه نارنجی فرابورس,ماشین آلات و تجهیزات,تولید تجهیزات بالابر و جابجایی, لغو پذیرش شده,Niro Mohareke,IRO7NMTP0003,NMTP,NMTP1,IRO7NMTP0001,29,2915,7
داراب,پتروشیمی داراب,پایه نارنجی,بازار پایه نارنجی فرابورس,محصولات شیمیایی,تولید مواد شیمیایی پایه به جز کود, قانون احکام دائمی برنامه های توسعه کشور,Darab Petro.,IRO7PDRP0004,PDRP,PDRP1,IRO7PDRP0001,44,4411,7
فسا,پتروشیمی فسا,پایه نارنجی,بازار پایه نارنجی فرابورس,محصولات شیمیایی,تولید مواد شیمیایی پایه به جز کود, قانون احکام دائمی برنامه های توسعه کشور,Fasa Petro.,IRO7PFSP0001,PFSP,PFSP1,IRO7PFSP0001,44,4411,7
جهرم,پتروشیمی جهرم,پایه نارنجی,بازار پایه نارنجی فرابورس,محصولات شیمیایی,تولید مواد شیمیایی پایه به جز کود, قانون احکام دائمی برنامه های توسعه کشور,Jahrom Petro.,IRO7PJHP0000,PJHP,PJHP1,IRO7PJHP0001,44,4411,7
حرهشا,رهشاد سپاهان (سهامی عام,پایه زرد,بازار پایه زرد فرابورس,حمل ونقل، انبارداری و ارتباطات,سایر حمل و نقلهای زمینی برنامه ریزی شده, لغو پذیرش شده,Rahshad,IRO7RAHP0007,RAHP,RAHP1,IRO7RAHP0001,60,6021,7
فطلوع,طلوع فولاد پارس,پایه زرد,بازار پایه زرد فرابورس,فلزات اساسی,تولید آهن و فولاد پایه,-,Tolou Foolad Pars,IRO7TFPA0007,TFPA,TFPA1,IRO7TFPA0001,27,2710,7
فبستم,صنایع  بسته بندی  مشهد,پایه زرد,بازار پایه زرد فرابورس,ساخت محصولات فلزی,تولید سایر محصولات فلزی ساخته شده, لغو پذیرش شده,Mashad Packing,IRO7FBSP0007,FBSP,FBSP1,IRO7FBSP0001,28,2899,7
وحافظ,بیمه حافظ,پایه زرد,بازار پایه زرد فرابورس,بیمه وصندوق بازنشستگی به جزتامین اجتماعی,بیمه غیرزندگی, مشمول ماده 36 قانون احکام دائمی برنامه هاي توسعه کشور,Hafez Ins.,IRO7HFZP0002,HFZP,HFZP1,IRO7HFZP0001,66,6603,7
بپردیس,بیمه پردیس,پایه زرد,بازار پایه زرد فرابورس,بیمه وصندوق بازنشستگی به جزتامین اجتماعی,بیمه غیرزندگی,-,Pardis insurance,IRO7PDSZ0001,PDSZ,PDSZ1,IRO7PDSZ0001,66,6603,7
سخواف,سیمان مجد خواف,پایه زرد,بازار پایه زرد فرابورس,سیمان، آهک و گچ,تولید سیمان، آهک و گچ, قانون احکام دائمی برنامه های توسعه کشور,Majd Khaf,IRO7SEKP0007,SEKP,SEKP1,IRO7SEKP0001,53,5394,7
وثخوز,سرمایه گذاری و توسعه خوزستان,پایه زرد,بازار پایه زرد فرابورس,انبوه سازی، املاک و مستغلات,املاک و مستغلات با ملک خود یا لیزینگ شده, قانون احکام دائمی برنامه های توسعه کشور,Khozestan inves,IRO7CKHP0002,CKHP,CKHP1,IRO7CKHP0001,70,7010,7
آرمان,بیمه آرمان,پایه زرد,بازار پایه زرد فرابورس,بیمه وصندوق بازنشستگی به جزتامین اجتماعی,فعالیتهای مالی و اجرائی, قانون احکام دائمی برنامه های توسعه کشور,Arman Insurance,IRO7ARMP0000,ARMP,ARMP1,IRO7ARMP0001,66,6611,7
ولقمان,گروه سرمایه گذاری لقمان,پایه زرد,بازار پایه زرد فرابورس,سرمایه گذاریها,سایر واسطه های مالی, مشمول ماده 36 قانون احکام دائمی برنامه هاي توسعه کشور,Loghman Investment,IRO7LOIP0006,LOIP,LOIP1,IRO7LOIP0001,56,5699,7
خعمرا,توسعه و عمران شهرستان نائین,پایه زرد,بازار پایه زرد فرابورس,خودرو و ساخت قطعات,قطعات یدکی و جانبی وسایل نقلیه موتوری, قانون احکام دائمی برنامه های توسعه کشور,Touse Omran Naeen,IRO7TONP0001,TONP,TONP1,IRO7TONP0001,34,3430,7
تاتمس,کارخانجات صنعتی وتولیدی اتمسفر,پایه زرد,بازار پایه زرد فرابورس,ماشین آلات و تجهیزات,تولید اجاق، کوره و مشعل کوره, لغو پذیرش شده,Atmosphere,IRO7ATMP0008,ATMP,ATMP1,IRO7ATMP0001,29,2914,7
خبنیان,بنیان دیزل,پایه زرد,بازار پایه زرد فرابورس,خودرو و ساخت قطعات,قطعات یدکی و جانبی وسایل نقلیه موتوری, لغو پذیرش شده,Bonyan Diesel,IRO7BDZP0000,BDZP,BDZP1,IRO7BDZP0001,34,3430,7
دشیری,شیرین دارو,پایه زرد,بازار پایه زرد فرابورس,مواد و محصولات دارویی,تولید داروهای شیمیایی و گیاهی, لغو پذیرش شده,Shirin Daru,IRO7DSHP0003,DSHP,DSHP1,IRO7DSHP0001,43,4323,7
فلات,گروه صنایع معادن فلات ایرانیان,پایه زرد,بازار پایه زرد فرابورس,سرمایه گذاریها,سایر واسطه های مالی, قانون احکام دائمی برنامه های توسعه کشور,Iranian Falat,IRO7FLTP0004,FLTP,FLTP1,IRO7FLTP0001,56,5699,7
بازرگام,پست پیشگامان,پایه زرد,بازار پایه زرد فرابورس,اطلاعات و ارتباطات,خدمات ارزش افزوده, قانون احکام دائمی برنامه های توسعه کشور,Post Pishgaman,IRO7BZGP0007,BZGP,BZGP1,IRO7BZGP0001,73,7310,7
وپسا,گروه س. پتروشیمی س.خلیج فارس,پایه زرد,بازار پایه زرد فرابورس,پیمانکاری صنعتی,سایر فعالیت های پیمانکاری, مشمول ماده 36 قانون احکام دائمی برنامه هاي توسعه کشور,Persian Gulf Inv.,IRO7PGIP0002,PGIP,PGIP1,IRO7PGIP0001,45,4599,7
بتک,کارخانجات کابل سازی  تک,پایه نارنجی,بازار پایه نارنجی فرابورس,ماشین آلات و دستگاه های برقی,تولید سیم و کابل عایق, لغو پذیرش شده,Tak Cable,IRO7KTAP0000,KTAP,KTAP1,IRO7KTAP0001,31,3130,7
سفارود,کارخانه فارسیت درود,پایه نارنجی,بازار پایه نارنجی فرابورس,سایر محصولات کانی غیرفلزی,تولید محصولات بتنی، سیمانی و گچ, لغو پذیرش شده,Farsit Drood,IRO7SFAP0008,SFAP,SFAP1,IRO7SFAP0001,54,5495,7
فکمند,گسترش قطعه سازی کمند,پایه زرد,بازار پایه زرد فرابورس,ساخت محصولات فلزی,تولید سایر محصولات فلزی ساخته شده,-,Kamand Parts Mfg.,IRO7KPMP0000,KPMP,KPMP1,IRO7KPMP0001,28,2899,7
تفیرو,مهندسی فیروزا,پایه نارنجی,بازار پایه نارنجی فرابورس,ماشین آلات و تجهیزات,تولید تجهیزات بالابر و جابجایی, لغو پذیرش شده,Firooza Co.,IRO7FROP0003,FROP,FROP1,IRO7FROP0001,29,2915,7
رفاه,فروشگاه های زنجیره ای رفاه,پایه نارنجی,بازار پایه نارنجی فرابورس,خرده فروشی،باستثنای وسایل نقلیه موتوری,خرده فروشی انواع موادغذایی،نوشیدنی وغیره, مشمول ماده 36 قانون احکام دائمی برنامه هاي توسعه کشور,Refah Chain St.,IRO7REFP0005,REFP,REFP1,IRO7REFP0001,47,4711,7
غشوکو,شوکو پارس,پایه زرد,بازار پایه زرد فرابورس,محصولات غذایی و آشامیدنی به جز قند و شکر,تولید کاکائو، شکلات و شیرینی جات, لغو پذیرش شده,Shoko pars Co.,IRO7SPRP0007,SPRP,SPRP1,IRO7SPRP0001,42,4243,7
سکارون,سیمان کارون,پایه زرد,بازار پایه زرد فرابورس,سیمان، آهک و گچ,تولید سیمان، آهک و گچ, لغو پذیرش شده,Karoon Cement,IRO7KACP0009,KACP,KACP1,IRO7KACP0001,53,5394,7
نتوس,پشم  بافی  توس,پایه زرد,بازار پایه زرد فرابورس,منسوجات,آماده سازی و ریسندگی نخ، پارچه بافی, لغو پذیرش شده,Tous Woolen,IRO7PTOP0009,PTOP,PTOP1,IRO7PTOP0001,17,1711,7
شمواد,تولید مواداولیه الیاف مصنوعی,پایه زرد,بازار پایه زرد فرابورس,محصولات شیمیایی,تولید مواد شیمیایی پایه به جز کود, لغو پذیرش شده,Man-madeFibres MFR,IRO7MFMP0000,MFMP,MFMP1,IRO7MFMP0001,44,4411,7
وسدید,گروه صنعتی سدید,پایه زرد,بازار پایه زرد فرابورس,فلزات اساسی,استخراج سایر فلزات اساسی, لغو پذیرش شده,Sadid Group,IRO7SDIP0002,SDIP,SDIP1,IRO7SDIP0001,27,2799,7
شپلی,پلی اکریل ایران,پایه زرد,بازار پایه زرد فرابورس,محصولات شیمیایی,تولید نخ های مصنوعی, لغو پذیرش شده,S*Polyacryl Iran,IRO7POIP0002,POIP,POIP1,IRO7POIP0001,44,4430,7
ولراز,لیزینگ رازی,پایه زرد,بازار پایه زرد فرابورس,سایر واسطه گریهای مالی,لیزینگ مالی, قانون احکام دائمی برنامه های توسعه کشور,Razi Leasing Co,IRO7RAZP0005,RAZP,RAZP1,IRO7RAZP0001,58,5891,7
ورازی,بیمه رازی,پایه زرد,بازار پایه زرد فرابورس,بیمه وصندوق بازنشستگی به جزتامین اجتماعی,بیمه غیرزندگی, قانون احکام دائمی برنامه های توسعه کشور,Razi Insurance,IRO7RZIP0007,RZIP,RZIP1,IRO7RZIP0001,66,6603,7
ثزاگرس,سرمایه گذاری توسعه عمران زاگرس,پایه زرد,بازار پایه زرد فرابورس,انبوه سازی، املاک و مستغلات,املاک و مستغلات با ملک خود یا لیزینگ شده, قانون احکام دائمی برنامه های توسعه کشور,Omran Bakhtiari,IRO7CZGP0006,CZGP,CZGP1,IRO7CZGP0001,70,7010,7
ثعتما,س. ساختمانی اعتماد گستر,پایه زرد,بازار پایه زرد فرابورس,انبوه سازی، املاک و مستغلات,املاک و مستغلات با ملک خود یا لیزینگ شده, قانون احکام دائمی برنامه های توسعه کشور,Etemad Gostar,IRO7ETMP0004,ETMP,ETMP1,IRO7ETMP0001,70,7010,7
ویسا,سرمایه گذاری ایساتیس پویا,پایه زرد,بازار پایه زرد فرابورس,سرمایه گذاریها,سایر واسطه های مالی, مشمول ماده 36 قانون احکام دائمی برنامه هاي توسعه کشور,Isatis Pooya,IRO7ISTP0004,ISTP,ISTP1,IRO7ISTP0001,56,5699,7
ثنظام,س. ساختمانی نظام مهندسی ایران,پایه زرد,بازار پایه زرد فرابورس,انبوه سازی، املاک و مستغلات,املاک و مستغلات با ملک خود یا لیزینگ شده, قانون احکام دائمی برنامه های توسعه کشور,Eng. Council,IRO7NZMP0005,NZMP,NZMP1,IRO7NZMP0001,70,7010,7
وسین,بیمه سینا,پایه زرد,بازار پایه زرد فرابورس,بیمه وصندوق بازنشستگی به جزتامین اجتماعی,بیمه غیرزندگی, قانون احکام دائمی برنامه های توسعه کشور,Sina Insurance,IRO7VSNP0003,VSNP,VSNP1,IRO7VSNP0001,66,6603,7
شستان,پتروشیمی شهید رئیسی گلستان,پایه زرد,بازار پایه زرد فرابورس,محصولات شیمیایی,تولید مواد شیمیایی پایه به جز کود, قانون احکام دائمی برنامه های توسعه کشور,Golestan Petro.,IRO7STNP0007,STNP,STNP1,IRO7STNP0001,44,4411,7
وتوسکا,سرمایه گذاری توسعه توکا,پایه زرد,بازار پایه زرد فرابورس,سرمایه گذاریها,سایر واسطه های مالی,-,Touka Development,IRO7TDIP0001,TDIP,TDIP1,IRO7TDIP0001,56,5699,7
دحاوی,الحاوی,پایه زرد,بازار پایه زرد فرابورس,مواد و محصولات دارویی,تولید داروهای شیمیایی و گیاهی, قانون احکام دائمی برنامه های توسعه کشور,Alhavi Co,IRO7DHVP0008,DHVP,DHVP1,IRO7DHVP0001,43,4323,7
ثجوان,تامین مسکن جوانان,پایه زرد,بازار پایه زرد فرابورس,انبوه سازی، املاک و مستغلات,املاک و مستغلات با ملک خود یا لیزینگ شده, قانون احکام دائمی برنامه های توسعه کشور,Tamin Javanan,IRO7SJVP0009,SJVP,SJVP1,IRO7SJVP0001,70,7010,7
کصدف,کاشی صدف سرام استقلال آباده,پایه زرد,بازار پایه زرد فرابورس,کاشی و سرامیک,تولید گل و سرامیک ساختمانی, قانون احکام دائمی برنامه های توسعه کشور,Kashi Sadaf Co.,IRO7KSDP0008,KSDP,KSDP1,IRO7KSDP0001,49,4993,7
کمینا,شیشه سازی مینا,پایه زرد,بازار پایه زرد فرابورس,سایر محصولات کانی غیرفلزی,تولید شیشه, قانون احکام دائمی برنامه های توسعه کشور,Mina Glass,IRO7MIGP0005,MIGP,MIGP1,IRO7MIGP0001,54,5410,7
کباده,تولید خاک نسوزاستقلال آباده,پایه زرد,بازار پایه زرد فرابورس,سایر محصولات کانی غیرفلزی,تولید محصولات سرامیکی نسوز, قانون احکام دائمی برنامه های توسعه کشور,Abadeh fireclay,IRO7KBDP0007,KBDP,KBDP1,IRO7KBDP0001,54,5492,7
شساخت,مهندسی و ساختمان صنایع نفت,پایه زرد,بازار پایه زرد فرابورس,استخراج نفت گاز و خدمات جنبی جز اکتشاف,خدمات جنبی استخراج نفت گاز جز اکتشاف, قانون احکام دائمی برنامه های توسعه کشور,Oil Engr. Constr,IRO7OECP0001,OECP,OECP1,IRO7OECP0001,11,1120,7
وآفر,سرمایه گذاری ارزش آفرینان,پایه نارنجی,بازار پایه نارنجی فرابورس,سرمایه گذاریها,سایر واسطه های مالی, قانون احکام دائمی برنامه های توسعه کشور,Arzesh Afarinan,IRO7AFRP0009,AFRP,AFRP1,IRO7AFRP0001,56,5699,7
کفرآور,فرآورده های سیمان شرق,پایه زرد,بازار پایه زرد فرابورس,سایر محصولات کانی غیرفلزی,تولید محصولات بتنی، سیمانی و گچ, قانون احکام دائمی برنامه های توسعه کشور,Siman Shargh PR,IRO7KFRP0007,KFRP,KFRP1,IRO7KFRP0001,54,5495,7
واحصا,احیاء صنایع خراسان,پایه زرد,بازار پایه زرد فرابورس,سرمایه گذاریها,سایر واسطه های مالی, قانون احکام دائمی برنامه های توسعه کشور,Ehya Sanaye Co.,IRO7VHSP0001,VHSP,VHSP1,IRO7VHSP0001,56,5699,7
واحیا,م .صنایع و معادن احیاء سپاهان,پایه زرد,بازار پایه زرد فرابورس,سرمایه گذاریها,سایر واسطه های مالی, قانون احکام دائمی برنامه های توسعه کشور,Ehya Sepahan Co,IRO7VHYP0003,VHYP,VHYP1,IRO7VHYP0001,56,5699,7
سفاسی,شرکت فارسیت اهواز,پایه زرد,بازار پایه زرد فرابورس,سایر محصولات کانی غیرفلزی,تولید محصولات بتنی، سیمانی و گچ, لغو پذیرش شده,Ahvaz Farsit,IRO7SFSP0008,SFSP,SFSP1,IRO7SFSP0001,54,5495,7
وملت,سرمایه گذاری ملت,پایه قرمز,بازار پایه قرمز فرابورس,سرمایه گذاریها,سایر واسطه های مالی, لغو پذیرش شده/عدم اظهارنظر,Melat Investment,IRO7MIVP0006,MIVP,MIVP1,IRO7MIVP0001,56,5699,7
خفناور,مهندسی صنعتی روان فن آور,پایه زرد,بازار پایه زرد فرابورس,خودرو و ساخت قطعات,قطعات یدکی و جانبی وسایل نقلیه موتوری, لغو پذیرش شده,Ravan Fan Avar,IRO7RFNZ0002,RFNZ,RFNZ1,IRO7RFNZ0001,34,3430,7
حشکوه,دلیجان طلایی شکوه پارس,پایه زرد,بازار پایه زرد فرابورس,حمل ونقل، انبارداری و ارتباطات,حمل و نقل از طریق خطوط راه آهن,-,Delijan Pars,IRO7DLIP0009,DLIP,DLIP1,IRO7DLIP0001,60,6010,7
بهیر,بین المللی س. ت. تجارت هیرمند,پایه نارنجی,بازار پایه نارنجی فرابورس,سرمایه گذاریها,سایر واسطه های مالی,-,Hirmand Investment,IRO7HIRP0009,HIRP,HIRP1,IRO7HIRP0001,56,5699,7
خپارس,پارس خودرو,پایه زرد,بازار پایه زرد فرابورس,خودرو و ساخت قطعات,تولید وسایل نقلیه موتوری, لغو پذیرش شده,Pars Khodro,IRO7PKOD0002,PKOD,PKOD1,IRO7PKOD0001,34,3410,7
تشتاد,صنایع تولیدی اشتاد ایران,پایه زرد,بازار پایه زرد فرابورس,خودرو و ساخت قطعات,قطعات یدکی و جانبی وسایل نقلیه موتوری, لغو پذیرش شده,Ashtad Iran,IRO7ESHP0002,ESHP,ESHP1,IRO7ESHP0001,34,3430,7
گکیش,توریستی ورفاهی آبادگران کیش,پایه زرد,بازار پایه زرد فرابورس,هتل و رستوران,هتل ها ، اردو و دیگر تدارکات اقامت کوتاه, قانون احکام دائمی برنامه های توسعه کشور,Abadgaran Kish,IRO7TRKP0001,TRKP,TRKP1,IRO7TRKP0001,55,5510,7
وفتخار,سرمایه گذاری افتخارسهام,پایه زرد,بازار پایه زرد فرابورس,سرمایه گذاریها,سایر واسطه های مالی, مشمول ماده 36 قانون احکام دائمی برنامه هاي توسعه کشور,Eftekhar Saham INV,IRO7EFSP0004,EFSP,EFSP1,IRO7EFSP0001,56,5699,7
جوین,کشت و صنعت جوین,پایه زرد,بازار پایه زرد فرابورس,زراعت و خدمات وابسته,کشاورزی، دامپروری و خدمات وابسته, قانون احکام دائمی برنامه های توسعه کشور,Jovain Agri.&Ind,IRO7JAIP0006,JAIP,JAIP1,IRO7JAIP0001,01,121,7
فبیرا,بسته  بندی  ایران,پایه زرد,بازار پایه زرد فرابورس,ساخت محصولات فلزی,تولید سایر محصولات فلزی ساخته شده, لغو پذیرش شده,Iran Packing,IRO7BIRP0005,BIRP,BIRP1,IRO7BIRP0001,28,2899,7
لکما,کارخانجات مخابراتی ایران,پایه نارنجی,بازار پایه نارنجی فرابورس,ساخت دستگاه ها و وسایل ارتباطی,فرستنده رادیو، تلویزیون و تلفن و تلگراف, لغو پذیرش شده,Iran Tele Fact.,IRO7KMOP0001,KMOP,KMOP1,IRO7KMOP0001,32,3220,7
آواپارس,بیمه اتکایی آوای پارس,پایه زرد,بازار پایه زرد فرابورس,بیمه وصندوق بازنشستگی به جزتامین اجتماعی,بیمه غیرزندگی, قانون احکام دائمی برنامه های توسعه کشور,Ava Pars Reins,IRO7AVPP0001,AVPP,AVPP1,IRO7AVPP0001,66,6603,7
سلار,شرکت سیمان لارستان,پایه زرد,بازار پایه زرد فرابورس,سیمان، آهک و گچ,تولید سیمان، آهک و گچ, قانون احکام دائمی برنامه های توسعه کشور,Larestan Cement,IRO7LARP0001,LARP,LARP1,IRO7LARP0001,53,5394,7
لازما,کارخانه های صنعتی آزمایش,پایه زرد,بازار پایه زرد فرابورس,ماشین آلات و تجهیزات,تولید وسایل خانگی, لغو پذیرش شده,Azmayesh,IRO7AZMP0000,AZMP,AZMP1,IRO7AZMP0001,29,2930,7
حگردش,ریل گردش ایرانیان,پایه زرد,بازار پایه زرد فرابورس,حمل ونقل، انبارداری و ارتباطات,حمل و نقل از طریق خطوط راه آهن,-,Rail Gardesh Iran,IRO7RGIP0000,RGIP,RGIP1,IRO7RGIP0001,60,6010,7
فسدید,لوله وتجهیزات  سدید,پایه نارنجی,بازار پایه نارنجی فرابورس,فلزات اساسی,تولید آهن و فولاد پایه, لغو پذیرش شده,SadidPipe,IRO7LSDP0007,LSDP,LSDP1,IRO7LSDP0001,27,2710,7
پشاهن,تولیدی پلاستیک  شاهین,پایه زرد,بازار پایه زرد فرابورس,لاستیک و پلاستیک,تولید محصولات پلاستیکی, لغو پذیرش شده,Shahin Plastic,IRO7SHIP0008,SHIP,SHIP1,IRO7SHIP0001,25,2520,7
قجام,فرآوردههای غذایی وقندتربت جام,پایه زرد,بازار پایه زرد فرابورس,قند و شکر,تولید شکر, لغو پذیرش شده,Torbate Jaam S.,IRO7GTOP0000,GTOP,GTOP1,IRO7GTOP0001,38,3842,7
بایکا,کارخانجات کابلسازی  ایران,پایه زرد,بازار پایه زرد فرابورس,ماشین آلات و دستگاه های برقی,تولید سیم و کابل عایق, لغو پذیرش شده,Iran Cable,IRO7KBLP0007,KBLP,KBLP1,IRO7KBLP0001,31,3130,7
لپیام,گسترش صنایع پیام,پایه زرد,بازار پایه زرد فرابورس,ساخت دستگاه ها و وسایل ارتباطی,گیرنده رادیو، تلویزیون و تجهیزات وابسته, لغو پذیرش شده,Payam Ind.,IRO7PYAP0008,PYAP,PYAP1,IRO7PYAP0001,32,3230,7
تپولا,مهندسی مرآت پولاد,پایه زرد,بازار پایه زرد فرابورس,خدمات فنی و مهندسی,سایر فعالیتهای حرفه ای علمی و فنی, قانون احکام دائمی برنامه های توسعه کشور,Merat Poolad,IRO7TPOP0009,TPOP,TPOP1,IRO7TPOP0001,74,7490,7
قاروم,قند ارومیه,پایه قرمز,بازار پایه قرمز فرابورس,قند و شکر,تولید شکر, قانون احکام دائمی برنامه های توسعه کشور,Uroomie Sugar,IRO7GHUP0006,GHUP,GHUP1,IRO7GHUP0001,38,3842,7
وامیر,گروه صنعتی و معدنی امیر,پایه زرد,بازار پایه زرد فرابورس,استخراج کانه های فلزی,استخراج کانه فلزی غیرآهن, قانون احکام دائمی برنامه های توسعه کشور,Amir Inds&MIN Grp.,IRO7AIMP0001,AIMP,AIMP1,IRO7AIMP0001,13,1320,7
گپارس,امور رفاهی کارگزاران پارس,پایه زرد,بازار پایه زرد فرابورس,هتل و رستوران,هتل ها ، اردو و دیگر تدارکات اقامت کوتاه, قانون احکام دائمی برنامه های توسعه کشور,Pars Broker,IRO7PBRP0006,PBRP,PBRP1,IRO7PBRP0001,55,5510,7
قنقش,قند نقش جهان,پایه زرد,بازار پایه زرد فرابورس,قند و شکر,تولید شکر, لغو پذیرش شده,Naghsh Jahan Sugar,IRO7NJSP0009,NJSP,NJSP1,IRO7NJSP0001,38,3842,7
سمایه,بانک سرمایه,پایه زرد,بازار پایه زرد فرابورس,بانکها و موسسات اعتباری,سایر واسطه های پولی, لغو پذیرش شده,Investment Bank,IRO7IBKZ0000,IBKZ,IBKZ1,IRO7IBKZ0001,57,5719,7
خصدرا,صنعتی  دریایی  ایران,پایه زرد,بازار پایه زرد فرابورس,پیمانکاری صنعتی,ساختمان و مهندسی عمران, لغو پذیرش شده,SADRA,IRO7SDRP0001,SDRP,SDRP1,IRO7SDRP0001,45,4520,7
کهرام,تولیدی گرانیت بهسرام,پایه نارنجی,بازار پایه نارنجی فرابورس,کاشی و سرامیک,تولید گل و سرامیک ساختمانی, لغو پذیرش شده,Behceram Granite,IRO7BEGP0002,BEGP,BEGP1,IRO7BEGP0001,49,4993,7
وسالت,بانک قرض الحسنه رسالت,پایه نارنجی,بازار پایه نارنجی فرابورس,بانکها و موسسات اعتباری,سایر واسطه های پولی, قانون احکام دائمی برنامه های توسعه کشور,Resalat,IRO7SALP0000,SALP,SALP1,IRO7SALP0001,57,5719,7
گنگین,گروه اقتصادی مالی نگین,پایه زرد,بازار پایه زرد فرابورس,شرکتهای چند رشته ای صنعتی,شرکتهای صنعتی چند رشته ای,-,Negin Iranian Tr.,IRO7NITP0009,NITP,NITP1,IRO7NITP0001,39,3999,7
قیستو,شرکت قند بیستون,پایه زرد,بازار پایه زرد فرابورس,قند و شکر,تولید شکر, لغو پذیرش شده,Ghand Bisotoon,IRO7BSOP0006,BSOP,BSOP1,IRO7BSOP0001,38,3842,7
وایرا,سرمایه گذاری صنایع ایران,پایه زرد,بازار پایه زرد فرابورس,سرمایه گذاریها,سایر واسطه های مالی, قانون احکام دائمی برنامه های توسعه کشور,Iran Inds. Co.,IRO7VIRP0001,VIRP,VIRP1,IRO7VIRP0001,56,5699,7
مرقام,ایران ارقام,پایه زرد,بازار پایه زرد فرابورس,رایانه و فعالیت های وابسته به آن,مشاوره و تهیه نرم افزار, لغو پذیرش شده,Iran Argham,IRO7IAGM0002,IAGM,IAGM1,IRO7IAGM0001,72,7220,7
شلیا,شرکت مواد ویژه لیا,پایه زرد,بازار پایه زرد فرابورس,سایر محصولات کانی غیرفلزی,تولید شیشه, لغو پذیرش شده,Lia Company,IRO7LIAZ0000,LIAZ,LIAZ1,IRO7LIAZ0001,54,5410,7
قشرین,صنعتی و کشاورزی شیرین خراسان,پایه زرد,بازار پایه زرد فرابورس,قند و شکر,تولید شکر, لغو پذیرش شده,Shirin Sugar,IRO7SSUP0009,SSUP,SSUP1,IRO7SSUP0001,38,3842,7
وهنر,گروه توسعه هنر ایران,پایه زرد,بازار پایه زرد فرابورس,فعالیت های هنری، سرگرمی و خلاقانه,فعالیت های هنری, قانون احکام دائمی برنامه های توسعه کشور,Iran Arts DEV.GRP,IRO7IADP0002,IADP,IADP1,IRO7IADP0001,90,9000,7
لخانه,لوازم  خانگی  پارس,پایه زرد,بازار پایه زرد فرابورس,ماشین آلات و تجهیزات,تولید وسایل خانگی, لغو پذیرش شده,Pars Alliance,IRO7LKPP0001,LKPP,LKPP1,IRO7LKPP0001,29,2930,7
کاریز,بیمه زندگی کاریزما,پایه زرد,بازار پایه زرد فرابورس,بیمه وصندوق بازنشستگی به جزتامین اجتماعی,بیمه زندگی, قانون احکام دائمی برنامه های توسعه کشور,Charisma Insur.,IRO7CMIZ0007,CMIZ,CMIZ1,IRO7CMIZ0001,66,6601,7
غبهار,کشت وصنعت بهاران گلبهار خراسان,پایه زرد,بازار پایه زرد فرابورس,محصولات غذایی و آشامیدنی به جز قند و شکر,تولید سایر محصولات غذایی, قانون احکام دائمی برنامه های توسعه کشور,Golbahar Khorasan,IRO7GKHP0008,GKHP,GKHP1,IRO7GKHP0001,42,4249,7
خبازرس,بازرسی مهندسی و صنعتی ایران,پایه زرد,بازار پایه زرد فرابورس,فعالیت مهندسی، تجزیه، تحلیل و آزمایش فنی,تجزیه و تحلیل و آزمایش فنی, قانون احکام دائمی برنامه های توسعه کشور,Iran Ind.Eng.Insp.,IRO7IEIP0003,IEIP,IEIP1,IRO7IEIP0001,71,7120,7
وآرین,گروه توسعه اقتصادی آرین,پایه زرد,بازار پایه زرد فرابورس,سرمایه گذاریها,سایر واسطه های مالی, قانون احکام دائمی برنامه های توسعه کشور,Arian Co.,IRO7ARNP0009,ARNP,ARNP1,IRO7ARNP0001,56,5699,7
ثتوسا,س.توسعه و عمران استان اردبیل,پایه زرد,بازار پایه زرد فرابورس,انبوه سازی، املاک و مستغلات,املاک و مستغلات با ملک خود یا لیزینگ شده, قانون احکام دائمی برنامه های توسعه کشور,Ardebil Omran T,IRO7CTSP0000,CTSP,CTSP1,IRO7CTSP0001,70,7010,7
ثنام,س ساختمانی ب نام آوران مهندسی,پایه زرد,بازار پایه زرد فرابورس,انبوه سازی، املاک و مستغلات,املاک و مستغلات با ملک خود یا لیزینگ شده, قانون احکام دائمی برنامه های توسعه کشور,Namavaran Co.,IRO7CNAP0006,CNAP,CNAP1,IRO7CNAP0001,70,7010,7
شپترو,پتروشیمی آبادان,پایه زرد,بازار پایه زرد فرابورس,محصولات شیمیایی,تولید پلاستیک اولیه و لاستیک ترکیبی, لغو پذیرش شده,Abadan Petro.,IRO7APTP0005,APTP,APTP1,IRO7APTP0001,44,4413,7
فاهواز,نورد و لوله اهواز,پایه قرمز,بازار پایه قرمز فرابورس,فلزات اساسی,تولید آهن و فولاد پایه, لغو پذیرش شده,Ahwaz Rolling Co,IRO7FAHP0001,FAHP,FAHP1,IRO7FAHP0001,27,2710,7
وفردا,بیمه هوشمند فردا,پایه زرد,بازار پایه زرد فرابورس,بیمه وصندوق بازنشستگی به جزتامین اجتماعی,بیمه غیرزندگی, قانون احکام دائمی برنامه های توسعه کشور,Hosh.Farda Insur.,IRO7HFIZ0001,HFIZ,HFIZ1,IRO7HFIZ0001,66,6603,7
ثنور,سرمایه گذاری کوه نور,پایه نارنجی,بازار پایه نارنجی فرابورس,انبوه سازی، املاک و مستغلات,املاک و مستغلات با ملک خود یا لیزینگ شده, قانون احکام دائمی برنامه های توسعه کشور,Noor Invest.,IRO7NORP0003,NORP,NORP1,IRO7NORP0001,70,7010,7
ثقزوی,شرکت عمران و سازندگی قزوین,پایه زرد,بازار پایه زرد فرابورس,انبوه سازی، املاک و مستغلات,املاک و مستغلات با ملک خود یا لیزینگ شده, قانون احکام دائمی برنامه های توسعه کشور,Qazvin Const.,IRO7QAZP0006,QAZP,QAZP1,IRO7QAZP0001,70,7010,7
ثاصفا,شرکت  ساختمان  اصفهان,پایه زرد,بازار پایه زرد فرابورس,انبوه سازی، املاک و مستغلات,پیمانکاری املاک و مستغلات, لغو پذیرش شده,Isfahan Const.,IRO7SESP0009,SESP,SESP1,IRO7SESP0001,70,7021,7
ساذری,آذریت,پایه زرد,بازار پایه زرد فرابورس,سایر محصولات کانی غیرفلزی,تولید محصولات بتنی، سیمانی و گچ, لغو پذیرش شده,Azarit,IRO7AZRP0005,AZRP,AZRP1,IRO7AZRP0001,54,5495,7
پلوله,گازلوله,پایه زرد,بازار پایه زرد فرابورس,لاستیک و پلاستیک,تولید محصولات پلاستیکی, لغو پذیرش شده,Gazlouleh,IRO7GAZP0008,GAZP,GAZP1,IRO7GAZP0001,25,2520,7
وجامی,سرمایه گذاری جامی,پایه زرد,بازار پایه زرد فرابورس,سرمایه گذاریها,سایر واسطه های مالی, قانون احکام دائمی برنامه های توسعه کشور,Jami investment,IRO7JMIP0002,JMIP,JMIP1,IRO7JMIP0001,56,5699,7
چنوپا,نیوپان  22 بهمن,پایه زرد,بازار پایه زرد فرابورس,محصولات چوبی,تولید تخته چند لا و سایر تخته ها, لغو پذیرش شده,Bahman Neopan,IRO7NEOP0008,NEOP,NEOP1,IRO7NEOP0001,20,2021,7
بهامرز,بیمه زندگی هامرز,پایه زرد,بازار پایه زرد فرابورس,بیمه وصندوق بازنشستگی به جزتامین اجتماعی,بیمه زندگی,-,Hamerz LifeINS,IRO7HMEZ0006,HMEZ,HMEZ1,IRO7HMEZ0001,66,6601,7
تپکو,تولیدتجهیزات سنگین هپکو,پایه زرد,بازار پایه زرد فرابورس,ماشین آلات و تجهیزات,تولید ماشین آلات استخراج و ساختمان, لغو پذیرش شده,S*Hepco,IRO7HPKP0007,HPKP,HPKP1,IRO7HPKP0001,29,2924,7
کارام,صنایع سرام آرا,پایه زرد,بازار پایه زرد فرابورس,کاشی و سرامیک,تولید گل و سرامیک ساختمانی, قانون احکام دائمی برنامه های توسعه کشور,Ceram Ara Ind.,IRO7CEIP0009,CEIP,CEIP1,IRO7CEIP0001,49,4993,7
دهدشت,صنایع پتروشیمی دهدشت,پایه زرد,بازار پایه زرد فرابورس,محصولات شیمیایی,تولید مواد شیمیایی پایه به جز کود, قانون احکام دائمی برنامه های توسعه کشور,Dehdasht Petro.,IRO7PDHP0006,PDHP,PDHP1,IRO7PDHP0001,44,4411,7
بکهنوج,تولید برق ماهتاب کهنوج,پایه زرد,بازار پایه زرد فرابورس,عرضه برق، گاز، بخاروآب گرم,تولید انتقال و توزیع نیروی برق,-,Kahnooj Mahtab Pow,IRO7KAHZ0002,KAHZ,KAHZ1,IRO7KAHZ0001,40,4010,7
معیار,سرمایه گذاری معیار صنعت پارس,پایه زرد,بازار پایه زرد فرابورس,سرمایه گذاریها,سایر واسطه های مالی, مشمول ماده 36 قانون احکام دائمی برنامه هاي توسعه کشور,Meyar Sanat,IRO7PSMP0002,PSMP,PSMP1,IRO7PSMP0001,56,5699,7
وحکمت,بیمه حکمت صبا,پایه زرد,بازار پایه زرد فرابورس,بیمه وصندوق بازنشستگی به جزتامین اجتماعی,فعالیتهای مالی و اجرائی, قانون احکام دائمی برنامه های توسعه کشور,Hekmat Saba Ins,IRO7HSIP0008,HSIP,HSIP1,IRO7HSIP0001,66,6611,7
وکادو,تکادو,پایه زرد,بازار پایه زرد فرابورس,سرمایه گذاریها,سایر واسطه های مالی, قانون احکام دائمی برنامه های توسعه کشور,Takado,IRO7TKDP0007,TKDP,TKDP1,IRO7TKDP0001,56,5699,7
دی,بانک دی,پایه زرد,بازار پایه زرد فرابورس,بانکها و موسسات اعتباری,سایر واسطه های پولی, لغو پذیرش شده,Day Bank,IRO7BDYZ0009,BDYZ,BDYZ1,IRO7BDYZ0001,57,5719,7
فافزا,فولاد افزا سپاهان,پایه زرد,بازار پایه زرد فرابورس,فلزات اساسی,تولید آهن و فولاد پایه, قانون احکام دائمی برنامه های توسعه کشور,Foolad Afza,IRO7FAFP0003,FAFP,FAFP1,IRO7FAFP0001,27,2710,7
رایا,بیمه اتکایی رایا,پایه زرد,بازار پایه زرد فرابورس,بیمه وصندوق بازنشستگی به جزتامین اجتماعی,بیمه غیرزندگی, مشمول ماده 36 قانون احکام دائمی برنامه هاي توسعه کشور,Raya Reinsurance,IRO7RYAZ0004,RYAZ,RYAZ1,IRO7RYAZ0001,66,6603,7
خودکفا,اقتصادی و خودکفایی آزادگان,پایه زرد,بازار پایه زرد فرابورس,محصولات غذایی و آشامیدنی به جز قند و شکر,تولید کاکائو، شکلات و شیرینی جات, قانون احکام دائمی برنامه های توسعه کشور,Azadegan Co.,IRO7KHDP0001,KHDP,KHDP1,IRO7KHDP0001,42,4243,7
فافق,صنایع مس افق کرمان,پایه زرد,بازار پایه زرد فرابورس,فلزات اساسی,تولید فلزات گرانبهای غیرآهن,-,Ofogh Kerman Cop.,IRO7OKCZ0001,OKCZ,OKCZ1,IRO7OKCZ0001,27,2720,7
خکاوه,سایپا دیزل,پایه زرد,بازار پایه زرد فرابورس,خودرو و ساخت قطعات,تولید وسایل نقلیه موتوری, لغو پذیرش شده,S*Saipa Diesel,IRO7SDLP0007,SDLP,SDLP1,IRO7SDLP0001,34,3410,7
شصفها,پتروشیمی  اصفهان,پایه قرمز,بازار پایه قرمز فرابورس,محصولات شیمیایی,تولید مواد شیمیایی پایه به جز کود, لغو پذیرش شده/عدم اظهارنظر,Isfahan Pertr.,IRO7PESP0002,PESP,PESP1,IRO7PESP0001,44,4411,7
خفولا,خدمات فنی فولاد یزد,پایه زرد,بازار پایه زرد فرابورس,خدمات فنی و مهندسی,سایر فعالیتهای حرفه ای علمی و فنی, قانون احکام دائمی برنامه های توسعه کشور,Yazd Steel CO.,IRO7KHEP0000,KHEP,KHEP1,IRO7KHEP0001,74,7490,7
غناب,روغن  نباتی  ناب,پایه زرد,بازار پایه زرد فرابورس,محصولات غذایی و آشامیدنی به جز قند و شکر,تولید روغن های حیوانی و نباتی, لغو پذیرش شده,Naab Ind.,IRO7RNAP0009,RNAP,RNAP1,IRO7RNAP0001,42,4214,7
شفارا,پتروشیمی فارابی,پایه زرد,بازار پایه زرد فرابورس,محصولات شیمیایی,تولید مواد شیمیایی پایه به جز کود, لغو پذیرش شده,Farabi Petro.,IRO7FAPP0001,FAPP,FAPP1,IRO7FAPP0001,44,4411,7
کایتا,ایتالران,پایه زرد,بازار پایه زرد فرابورس,سایر محصولات کانی غیرفلزی,تولید محصولات بتنی، سیمانی و گچ, لغو پذیرش شده,Italran,IRO7ITLP0001,ITLP,ITLP1,IRO7ITLP0001,54,5495,7
وشهر,بانک شهر,پایه زرد,بازار پایه زرد فرابورس,بانکها و موسسات اعتباری,سایر واسطه های پولی, مشمول ماده 36 قانون احکام دائمی برنامه هاي توسعه کشور,S*City Bank,IRO7BSHP0005,BSHP,BSHP1,IRO7BSHP0001,57,5719,7
ومشان,سرمایه گذاری مشانیر,پایه زرد,بازار پایه زرد فرابورس,سرمایه گذاریها,سایر واسطه های مالی, قانون احکام دائمی برنامه های توسعه کشور,Moshanir Investmen,IRO7IFMP0006,IFMP,IFMP1,IRO7IFMP0001,56,5699,7
آبین,کشت و صنعت آبشیرین,پایه زرد,بازار پایه زرد فرابورس,زراعت و خدمات وابسته,پرورش محصولات و باغبانی, مشمول ماده 36 قانون احکام دائمی برنامه هاي توسعه کشور,Abshirin Agro,IRO7ABYP0004,ABYP,ABYP1,IRO7ABYP0001,01,111,7
فجوش,جوش  و اکسیژن  ایران,پایه زرد,بازار پایه زرد فرابورس,ساخت محصولات فلزی,تولید سایر محصولات فلزی ساخته شده, لغو پذیرش شده,Iran Weld & Ox.,IRO7JSHP0007,JSHP,JSHP1,IRO7JSHP0001,28,2899,7
